dataset_id,position,subject_id
many_labs_igt,0,many_labs_100_001
many_labs_igt,1,many_labs_100_002
many_labs_igt,2,many_labs_100_003
many_labs_igt,3,many_labs_100_004
many_labs_igt,4,many_labs_100_005
many_labs_igt,5,many_labs_100_006
many_labs_igt,6,many_labs_100_007
many_labs_igt,7,many_labs_100_008
many_labs_igt,8,many_labs_100_009
many_labs_igt,9,many_labs_100_010
many_labs_igt,10,many_labs_100_011
many_labs_igt,11,many_labs_100_012
many_labs_igt,12,many_labs_100_013
many_labs_igt,13,many_labs_100_014
many_labs_igt,14,many_labs_100_015
many_labs_igt,15,many_labs_100_016
many_labs_igt,16,many_labs_100_017
many_labs_igt,17,many_labs_100_018
many_labs_igt,18,many_labs_100_019
many_labs_igt,19,many_labs_100_020
many_labs_igt,20,many_labs_100_021
many_labs_igt,21,many_labs_100_022
many_labs_igt,22,many_labs_100_023
many_labs_igt,23,many_labs_100_024
many_labs_igt,24,many_labs_100_025
many_labs_igt,25,many_labs_100_026
many_labs_igt,26,many_labs_100_027
many_labs_igt,27,many_labs_100_028
many_labs_igt,28,many_labs_100_029
many_labs_igt,29,many_labs_100_030
many_labs_igt,30,many_labs_100_031
many_labs_igt,31,many_labs_100_032
many_labs_igt,32,many_labs_100_033
many_labs_igt,33,many_labs_100_034
many_labs_igt,34,many_labs_100_035
many_labs_igt,35,many_labs_100_036
many_labs_igt,36,many_labs_100_037
many_labs_igt,37,many_labs_100_038
many_labs_igt,38,many_labs_100_039
many_labs_igt,39,many_labs_100_040
many_labs_igt,40,many_labs_100_041
many_labs_igt,41,many_labs_100_042
many_labs_igt,42,many_labs_100_043
many_labs_igt,43,many_labs_100_044
many_labs_igt,44,many_labs_100_045
many_labs_igt,45,many_labs_100_046
many_labs_igt,46,many_labs_100_047
many_labs_igt,47,many_labs_100_048
many_labs_igt,48,many_labs_100_049
many_labs_igt,49,many_labs_100_050
many_labs_igt,50,many_labs_100_051
many_labs_igt,51,many_labs_100_052
many_labs_igt,52,many_labs_100_053
many_labs_igt,53,many_labs_100_054
many_labs_igt,54,many_labs_100_055
many_labs_igt,55,many_labs_100_056
many_labs_igt,56,many_labs_100_057
many_labs_igt,57,many_labs_100_058
many_labs_igt,58,many_labs_100_059
many_labs_igt,59,many_labs_100_060
many_labs_igt,60,many_labs_100_061
many_labs_igt,61,many_labs_100_062
many_labs_igt,62,many_labs_100_063
many_labs_igt,63,many_labs_100_064
many_labs_igt,64,many_labs_100_065
many_labs_igt,65,many_labs_100_066
many_labs_igt,66,many_labs_100_067
many_labs_igt,67,many_labs_100_068
many_labs_igt,68,many_labs_100_069
many_labs_igt,69,many_labs_100_070
many_labs_igt,70,many_labs_100_071
many_labs_igt,71,many_labs_100_072
many_labs_igt,72,many_labs_100_073
many_labs_igt,73,many_labs_100_074
many_labs_igt,74,many_labs_100_075
many_labs_igt,75,many_labs_100_076
many_labs_igt,76,many_labs_100_077
many_labs_igt,77,many_labs_100_078
many_labs_igt,78,many_labs_100_079
many_labs_igt,79,many_labs_100_080
many_labs_igt,80,many_labs_100_081
many_labs_igt,81,many_labs_100_082
many_labs_igt,82,many_labs_100_083
many_labs_igt,83,many_labs_100_084
many_labs_igt,84,many_labs_100_085
many_labs_igt,85,many_labs_100_086
many_labs_igt,86,many_labs_100_087
many_labs_igt,87,many_labs_100_088
many_labs_igt,88,many_labs_100_089
many_labs_igt,89,many_labs_100_090
many_labs_igt,90,many_labs_100_091
many_labs_igt,91,many_labs_100_092
many_labs_igt,92,many_labs_100_093
many_labs_igt,93,many_labs_100_094
many_labs_igt,94,many_labs_100_095
many_labs_igt,95,many_labs_100_096
many_labs_igt,96,many_labs_100_097
many_labs_igt,97,many_labs_100_098
many_labs_igt,98,many_labs_100_099
many_labs_igt,99,many_labs_100_100
many_labs_igt,100,many_labs_100_101
many_labs_igt,101,many_labs_100_102
many_labs_igt,102,many_labs_100_103
many_labs_igt,103,many_labs_100_104
many_labs_igt,104,many_labs_100_105
many_labs_igt,105,many_labs_100_106
many_labs_igt,106,many_labs_100_107
many_labs_igt,107,many_labs_100_108
many_labs_igt,108,many_labs_100_109
many_labs_igt,109,many_labs_100_110
many_labs_igt,110,many_labs_100_111
many_labs_igt,111,many_labs_100_112
many_labs_igt,112,many_labs_100_113
many_labs_igt,113,many_labs_100_114
many_labs_igt,114,many_labs_100_115
many_labs_igt,115,many_labs_100_116
many_labs_igt,116,many_labs_100_117
many_labs_igt,117,many_labs_100_118
many_labs_igt,118,many_labs_100_119
many_labs_igt,119,many_labs_100_120
many_labs_igt,120,many_labs_100_121
many_labs_igt,121,many_labs_100_122
many_labs_igt,122,many_labs_100_123
many_labs_igt,123,many_labs_100_124
many_labs_igt,124,many_labs_100_125
many_labs_igt,125,many_labs_100_126
many_labs_igt,126,many_labs_100_127
many_labs_igt,127,many_labs_100_128
many_labs_igt,128,many_labs_100_129
many_labs_igt,129,many_labs_100_130
many_labs_igt,130,many_labs_100_131
many_labs_igt,131,many_labs_100_132
many_labs_igt,132,many_labs_100_133
many_labs_igt,133,many_labs_100_134
many_labs_igt,134,many_labs_100_135
many_labs_igt,135,many_labs_100_136
many_labs_igt,136,many_labs_100_137
many_labs_igt,137,many_labs_100_138
many_labs_igt,138,many_labs_100_139
many_labs_igt,139,many_labs_100_140
many_labs_igt,140,many_labs_100_141
many_labs_igt,141,many_labs_100_142
many_labs_igt,142,many_labs_100_143
many_labs_igt,143,many_labs_100_144
many_labs_igt,144,many_labs_100_145
many_labs_igt,145,many_labs_100_146
many_labs_igt,146,many_labs_100_147
many_labs_igt,147,many_labs_100_148
many_labs_igt,148,many_labs_100_149
many_labs_igt,149,many_labs_100_150
many_labs_igt,150,many_labs_100_151
many_labs_igt,151,many_labs_100_152
many_labs_igt,152,many_labs_100_153
many_labs_igt,153,many_labs_100_154
many_labs_igt,154,many_labs_100_155
many_labs_igt,155,many_labs_100_156
many_labs_igt,156,many_labs_100_157
many_labs_igt,157,many_labs_100_158
many_labs_igt,158,many_labs_100_159
many_labs_igt,159,many_labs_100_160
many_labs_igt,160,many_labs_100_161
many_labs_igt,161,many_labs_100_162
many_labs_igt,162,many_labs_100_163
many_labs_igt,163,many_labs_100_164
many_labs_igt,164,many_labs_100_165
many_labs_igt,165,many_labs_100_166
many_labs_igt,166,many_labs_100_167
many_labs_igt,167,many_labs_100_168
many_labs_igt,168,many_labs_100_169
many_labs_igt,169,many_labs_100_170
many_labs_igt,170,many_labs_100_171
many_labs_igt,171,many_labs_100_172
many_labs_igt,172,many_labs_100_173
many_labs_igt,173,many_labs_100_174
many_labs_igt,174,many_labs_100_175
many_labs_igt,175,many_labs_100_176
many_labs_igt,176,many_labs_100_177
many_labs_igt,177,many_labs_100_178
many_labs_igt,178,many_labs_100_179
many_labs_igt,179,many_labs_100_180
many_labs_igt,180,many_labs_100_181
many_labs_igt,181,many_labs_100_182
many_labs_igt,182,many_labs_100_183
many_labs_igt,183,many_labs_100_184
many_labs_igt,184,many_labs_100_185
many_labs_igt,185,many_labs_100_186
many_labs_igt,186,many_labs_100_187
many_labs_igt,187,many_labs_100_188
many_labs_igt,188,many_labs_100_189
many_labs_igt,189,many_labs_100_190
many_labs_igt,190,many_labs_100_191
many_labs_igt,191,many_labs_100_192
many_labs_igt,192,many_labs_100_193
many_labs_igt,193,many_labs_100_194
many_labs_igt,194,many_labs_100_195
many_labs_igt,195,many_labs_100_196
many_labs_igt,196,many_labs_100_197
many_labs_igt,197,many_labs_100_198
many_labs_igt,198,many_labs_100_199
many_labs_igt,199,many_labs_100_200
many_labs_igt,200,many_labs_100_201
many_labs_igt,201,many_labs_100_202
many_labs_igt,202,many_labs_100_203
many_labs_igt,203,many_labs_100_204
many_labs_igt,204,many_labs_100_205
many_labs_igt,205,many_labs_100_206
many_labs_igt,206,many_labs_100_207
many_labs_igt,207,many_labs_100_208
many_labs_igt,208,many_labs_100_209
many_labs_igt,209,many_labs_100_210
many_labs_igt,210,many_labs_100_211
many_labs_igt,211,many_labs_100_212
many_labs_igt,212,many_labs_100_213
many_labs_igt,213,many_labs_100_214
many_labs_igt,214,many_labs_100_215
many_labs_igt,215,many_labs_100_216
many_labs_igt,216,many_labs_100_217
many_labs_igt,217,many_labs_100_218
many_labs_igt,218,many_labs_100_219
many_labs_igt,219,many_labs_100_220
many_labs_igt,220,many_labs_100_221
many_labs_igt,221,many_labs_100_222
many_labs_igt,222,many_labs_100_223
many_labs_igt,223,many_labs_100_224
many_labs_igt,224,many_labs_100_225
many_labs_igt,225,many_labs_100_226
many_labs_igt,226,many_labs_100_227
many_labs_igt,227,many_labs_100_228
many_labs_igt,228,many_labs_100_229
many_labs_igt,229,many_labs_100_230
many_labs_igt,230,many_labs_100_231
many_labs_igt,231,many_labs_100_232
many_labs_igt,232,many_labs_100_233
many_labs_igt,233,many_labs_100_234
many_labs_igt,234,many_labs_100_235
many_labs_igt,235,many_labs_100_236
many_labs_igt,236,many_labs_100_237
many_labs_igt,237,many_labs_100_238
many_labs_igt,238,many_labs_100_239
many_labs_igt,239,many_labs_100_240
many_labs_igt,240,many_labs_100_241
many_labs_igt,241,many_labs_100_242
many_labs_igt,242,many_labs_100_243
many_labs_igt,243,many_labs_100_244
many_labs_igt,244,many_labs_100_245
many_labs_igt,245,many_labs_100_246
many_labs_igt,246,many_labs_100_247
many_labs_igt,247,many_labs_100_248
many_labs_igt,248,many_labs_100_249
many_labs_igt,249,many_labs_100_250
many_labs_igt,250,many_labs_100_251
many_labs_igt,251,many_labs_100_252
many_labs_igt,252,many_labs_100_253
many_labs_igt,253,many_labs_100_254
many_labs_igt,254,many_labs_100_255
many_labs_igt,255,many_labs_100_256
many_labs_igt,256,many_labs_100_257
many_labs_igt,257,many_labs_100_258
many_labs_igt,258,many_labs_100_259
many_labs_igt,259,many_labs_100_260
many_labs_igt,260,many_labs_100_261
many_labs_igt,261,many_labs_100_262
many_labs_igt,262,many_labs_100_263
many_labs_igt,263,many_labs_100_264
many_labs_igt,264,many_labs_100_265
many_labs_igt,265,many_labs_100_266
many_labs_igt,266,many_labs_100_267
many_labs_igt,267,many_labs_100_268
many_labs_igt,268,many_labs_100_269
many_labs_igt,269,many_labs_100_270
many_labs_igt,270,many_labs_100_271
many_labs_igt,271,many_labs_100_272
many_labs_igt,272,many_labs_100_273
many_labs_igt,273,many_labs_100_274
many_labs_igt,274,many_labs_100_275
many_labs_igt,275,many_labs_100_276
many_labs_igt,276,many_labs_100_277
many_labs_igt,277,many_labs_100_278
many_labs_igt,278,many_labs_100_279
many_labs_igt,279,many_labs_100_280
many_labs_igt,280,many_labs_100_281
many_labs_igt,281,many_labs_100_282
many_labs_igt,282,many_labs_100_283
many_labs_igt,283,many_labs_100_284
many_labs_igt,284,many_labs_100_285
many_labs_igt,285,many_labs_100_286
many_labs_igt,286,many_labs_100_287
many_labs_igt,287,many_labs_100_288
many_labs_igt,288,many_labs_100_289
many_labs_igt,289,many_labs_100_290
many_labs_igt,290,many_labs_100_291
many_labs_igt,291,many_labs_100_292
many_labs_igt,292,many_labs_100_293
many_labs_igt,293,many_labs_100_294
many_labs_igt,294,many_labs_100_295
many_labs_igt,295,many_labs_100_296
many_labs_igt,296,many_labs_100_297
many_labs_igt,297,many_labs_100_298
many_labs_igt,298,many_labs_100_299
many_labs_igt,299,many_labs_100_300
many_labs_igt,300,many_labs_100_301
many_labs_igt,301,many_labs_100_302
many_labs_igt,302,many_labs_100_303
many_labs_igt,303,many_labs_100_304
many_labs_igt,304,many_labs_100_305
many_labs_igt,305,many_labs_100_306
many_labs_igt,306,many_labs_100_307
many_labs_igt,307,many_labs_100_308
many_labs_igt,308,many_labs_100_309
many_labs_igt,309,many_labs_100_310
many_labs_igt,310,many_labs_100_311
many_labs_igt,311,many_labs_100_312
many_labs_igt,312,many_labs_100_313
many_labs_igt,313,many_labs_100_314
many_labs_igt,314,many_labs_100_315
many_labs_igt,315,many_labs_100_316
many_labs_igt,316,many_labs_100_317
many_labs_igt,317,many_labs_100_318
many_labs_igt,318,many_labs_100_319
many_labs_igt,319,many_labs_100_320
many_labs_igt,320,many_labs_100_321
many_labs_igt,321,many_labs_100_322
many_labs_igt,322,many_labs_100_323
many_labs_igt,323,many_labs_100_324
many_labs_igt,324,many_labs_100_325
many_labs_igt,325,many_labs_100_326
many_labs_igt,326,many_labs_100_327
many_labs_igt,327,many_labs_100_328
many_labs_igt,328,many_labs_100_329
many_labs_igt,329,many_labs_100_330
many_labs_igt,330,many_labs_100_331
many_labs_igt,331,many_labs_100_332
many_labs_igt,332,many_labs_100_333
many_labs_igt,333,many_labs_100_334
many_labs_igt,334,many_labs_100_335
many_labs_igt,335,many_labs_100_336
many_labs_igt,336,many_labs_100_337
many_labs_igt,337,many_labs_100_338
many_labs_igt,338,many_labs_100_339
many_labs_igt,339,many_labs_100_340
many_labs_igt,340,many_labs_100_341
many_labs_igt,341,many_labs_100_342
many_labs_igt,342,many_labs_100_343
many_labs_igt,343,many_labs_100_344
many_labs_igt,344,many_labs_100_345
many_labs_igt,345,many_labs_100_346
many_labs_igt,346,many_labs_100_347
many_labs_igt,347,many_labs_100_348
many_labs_igt,348,many_labs_100_349
many_labs_igt,349,many_labs_100_350
many_labs_igt,350,many_labs_100_351
many_labs_igt,351,many_labs_100_352
many_labs_igt,352,many_labs_100_353
many_labs_igt,353,many_labs_100_354
many_labs_igt,354,many_labs_100_355
many_labs_igt,355,many_labs_100_356
many_labs_igt,356,many_labs_100_357
many_labs_igt,357,many_labs_100_358
many_labs_igt,358,many_labs_100_359
many_labs_igt,359,many_labs_100_360
many_labs_igt,360,many_labs_100_361
many_labs_igt,361,many_labs_100_362
many_labs_igt,362,many_labs_100_363
many_labs_igt,363,many_labs_100_364
many_labs_igt,364,many_labs_100_365
many_labs_igt,365,many_labs_100_366
many_labs_igt,366,many_labs_100_367
many_labs_igt,367,many_labs_100_368
many_labs_igt,368,many_labs_100_369
many_labs_igt,369,many_labs_100_370
many_labs_igt,370,many_labs_100_371
many_labs_igt,371,many_labs_100_372
many_labs_igt,372,many_labs_100_373
many_labs_igt,373,many_labs_100_374
many_labs_igt,374,many_labs_100_375
many_labs_igt,375,many_labs_100_376
many_labs_igt,376,many_labs_100_377
many_labs_igt,377,many_labs_100_378
many_labs_igt,378,many_labs_100_379
many_labs_igt,379,many_labs_100_380
many_labs_igt,380,many_labs_100_381
many_labs_igt,381,many_labs_100_382
many_labs_igt,382,many_labs_100_383
many_labs_igt,383,many_labs_100_384
many_labs_igt,384,many_labs_100_385
many_labs_igt,385,many_labs_100_386
many_labs_igt,386,many_labs_100_387
many_labs_igt,387,many_labs_100_388
many_labs_igt,388,many_labs_100_389
many_labs_igt,389,many_labs_100_390
many_labs_igt,390,many_labs_100_391
many_labs_igt,391,many_labs_100_392
many_labs_igt,392,many_labs_100_393
many_labs_igt,393,many_labs_100_394
many_labs_igt,394,many_labs_100_395
many_labs_igt,395,many_labs_100_396
many_labs_igt,396,many_labs_100_397
many_labs_igt,397,many_labs_100_398
many_labs_igt,398,many_labs_100_399
many_labs_igt,399,many_labs_100_400
many_labs_igt,400,many_labs_100_401
many_labs_igt,401,many_labs_100_402
many_labs_igt,402,many_labs_100_403
many_labs_igt,403,many_labs_100_404
many_labs_igt,404,many_labs_100_405
many_labs_igt,405,many_labs_100_406
many_labs_igt,406,many_labs_100_407
many_labs_igt,407,many_labs_100_408
many_labs_igt,408,many_labs_100_409
many_labs_igt,409,many_labs_100_410
many_labs_igt,410,many_labs_100_411
many_labs_igt,411,many_labs_100_412
many_labs_igt,412,many_labs_100_413
many_labs_igt,413,many_labs_100_414
many_labs_igt,414,many_labs_100_415
many_labs_igt,415,many_labs_100_416
many_labs_igt,416,many_labs_100_417
many_labs_igt,417,many_labs_100_418
many_labs_igt,418,many_labs_100_419
many_labs_igt,419,many_labs_100_420
many_labs_igt,420,many_labs_100_421
many_labs_igt,421,many_labs_100_422
many_labs_igt,422,many_labs_100_423
many_labs_igt,423,many_labs_100_424
many_labs_igt,424,many_labs_100_425
many_labs_igt,425,many_labs_100_426
many_labs_igt,426,many_labs_100_427
many_labs_igt,427,many_labs_100_428
many_labs_igt,428,many_labs_100_429
many_labs_igt,429,many_labs_100_430
many_labs_igt,430,many_labs_100_431
many_labs_igt,431,many_labs_100_432
many_labs_igt,432,many_labs_100_433
many_labs_igt,433,many_labs_100_434
many_labs_igt,434,many_labs_100_435
many_labs_igt,435,many_labs_100_436
many_labs_igt,436,many_labs_100_437
many_labs_igt,437,many_labs_100_438
many_labs_igt,438,many_labs_100_439
many_labs_igt,439,many_labs_100_440
many_labs_igt,440,many_labs_100_441
many_labs_igt,441,many_labs_100_442
many_labs_igt,442,many_labs_100_443
many_labs_igt,443,many_labs_100_444
many_labs_igt,444,many_labs_100_445
many_labs_igt,445,many_labs_100_446
many_labs_igt,446,many_labs_100_447
many_labs_igt,447,many_labs_100_448
many_labs_igt,448,many_labs_100_449
many_labs_igt,449,many_labs_100_450
many_labs_igt,450,many_labs_100_451
many_labs_igt,451,many_labs_100_452
many_labs_igt,452,many_labs_100_453
many_labs_igt,453,many_labs_100_454
many_labs_igt,454,many_labs_100_455
many_labs_igt,455,many_labs_100_456
many_labs_igt,456,many_labs_100_457
many_labs_igt,457,many_labs_100_458
many_labs_igt,458,many_labs_100_459
many_labs_igt,459,many_labs_100_460
many_labs_igt,460,many_labs_100_461
many_labs_igt,461,many_labs_100_462
many_labs_igt,462,many_labs_100_463
many_labs_igt,463,many_labs_100_464
many_labs_igt,464,many_labs_100_465
many_labs_igt,465,many_labs_100_466
many_labs_igt,466,many_labs_100_467
many_labs_igt,467,many_labs_100_468
many_labs_igt,468,many_labs_100_469
many_labs_igt,469,many_labs_100_470
many_labs_igt,470,many_labs_100_471
many_labs_igt,471,many_labs_100_472
many_labs_igt,472,many_labs_100_473
many_labs_igt,473,many_labs_100_474
many_labs_igt,474,many_labs_100_475
many_labs_igt,475,many_labs_100_476
many_labs_igt,476,many_labs_100_477
many_labs_igt,477,many_labs_100_478
many_labs_igt,478,many_labs_100_479
many_labs_igt,479,many_labs_100_480
many_labs_igt,480,many_labs_100_481
many_labs_igt,481,many_labs_100_482
many_labs_igt,482,many_labs_100_483
many_labs_igt,483,many_labs_100_484
many_labs_igt,484,many_labs_100_485
many_labs_igt,485,many_labs_100_486
many_labs_igt,486,many_labs_100_487
many_labs_igt,487,many_labs_100_488
many_labs_igt,488,many_labs_100_489
many_labs_igt,489,many_labs_100_490
many_labs_igt,490,many_labs_100_491
many_labs_igt,491,many_labs_100_492
many_labs_igt,492,many_labs_100_493
many_labs_igt,493,many_labs_100_494
many_labs_igt,494,many_labs_100_495
many_labs_igt,495,many_labs_100_496
many_labs_igt,496,many_labs_100_497
many_labs_igt,497,many_labs_100_498
many_labs_igt,498,many_labs_100_499
many_labs_igt,499,many_labs_100_500
many_labs_igt,500,many_labs_100_501
many_labs_igt,501,many_labs_100_502
many_labs_igt,502,many_labs_100_503
many_labs_igt,503,many_labs_100_504
many_labs_igt,504,many_labs_150_001
many_labs_igt,505,many_labs_150_002
many_labs_igt,506,many_labs_150_003
many_labs_igt,507,many_labs_150_004
many_labs_igt,508,many_labs_150_005
many_labs_igt,509,many_labs_150_006
many_labs_igt,510,many_labs_150_007
many_labs_igt,511,many_labs_150_008
many_labs_igt,512,many_labs_150_009
many_labs_igt,513,many_labs_150_010
many_labs_igt,514,many_labs_150_011
many_labs_igt,515,many_labs_150_012
many_labs_igt,516,many_labs_150_013
many_labs_igt,517,many_labs_150_014
many_labs_igt,518,many_labs_150_015
many_labs_igt,519,many_labs_150_016
many_labs_igt,520,many_labs_150_017
many_labs_igt,521,many_labs_150_018
many_labs_igt,522,many_labs_150_019
many_labs_igt,523,many_labs_150_020
many_labs_igt,524,many_labs_150_021
many_labs_igt,525,many_labs_150_022
many_labs_igt,526,many_labs_150_023
many_labs_igt,527,many_labs_150_024
many_labs_igt,528,many_labs_150_025
many_labs_igt,529,many_labs_150_026
many_labs_igt,530,many_labs_150_027
many_labs_igt,531,many_labs_150_028
many_labs_igt,532,many_labs_150_029
many_labs_igt,533,many_labs_150_030
many_labs_igt,534,many_labs_150_031
many_labs_igt,535,many_labs_150_032
many_labs_igt,536,many_labs_150_033
many_labs_igt,537,many_labs_150_034
many_labs_igt,538,many_labs_150_035
many_labs_igt,539,many_labs_150_036
many_labs_igt,540,many_labs_150_037
many_labs_igt,541,many_labs_150_038
many_labs_igt,542,many_labs_150_039
many_labs_igt,543,many_labs_150_040
many_labs_igt,544,many_labs_150_041
many_labs_igt,545,many_labs_150_042
many_labs_igt,546,many_labs_150_043
many_labs_igt,547,many_labs_150_044
many_labs_igt,548,many_labs_150_045
many_labs_igt,549,many_labs_150_046
many_labs_igt,550,many_labs_150_047
many_labs_igt,551,many_labs_150_048
many_labs_igt,552,many_labs_150_049
many_labs_igt,553,many_labs_150_050
many_labs_igt,554,many_labs_150_051
many_labs_igt,555,many_labs_150_052
many_labs_igt,556,many_labs_150_053
many_labs_igt,557,many_labs_150_054
many_labs_igt,558,many_labs_150_055
many_labs_igt,559,many_labs_150_056
many_labs_igt,560,many_labs_150_057
many_labs_igt,561,many_labs_150_058
many_labs_igt,562,many_labs_150_059
many_labs_igt,563,many_labs_150_060
many_labs_igt,564,many_labs_150_061
many_labs_igt,565,many_labs_150_062
many_labs_igt,566,many_labs_150_063
many_labs_igt,567,many_labs_150_064
many_labs_igt,568,many_labs_150_065
many_labs_igt,569,many_labs_150_066
many_labs_igt,570,many_labs_150_067
many_labs_igt,571,many_labs_150_068
many_labs_igt,572,many_labs_150_069
many_labs_igt,573,many_labs_150_070
many_labs_igt,574,many_labs_150_071
many_labs_igt,575,many_labs_150_072
many_labs_igt,576,many_labs_150_073
many_labs_igt,577,many_labs_150_074
many_labs_igt,578,many_labs_150_075
many_labs_igt,579,many_labs_150_076
many_labs_igt,580,many_labs_150_077
many_labs_igt,581,many_labs_150_078
many_labs_igt,582,many_labs_150_079
many_labs_igt,583,many_labs_150_080
many_labs_igt,584,many_labs_150_081
many_labs_igt,585,many_labs_150_082
many_labs_igt,586,many_labs_150_083
many_labs_igt,587,many_labs_150_084
many_labs_igt,588,many_labs_150_085
many_labs_igt,589,many_labs_150_086
many_labs_igt,590,many_labs_150_087
many_labs_igt,591,many_labs_150_088
many_labs_igt,592,many_labs_150_089
many_labs_igt,593,many_labs_150_090
many_labs_igt,594,many_labs_150_091
many_labs_igt,595,many_labs_150_092
many_labs_igt,596,many_labs_150_093
many_labs_igt,597,many_labs_150_094
many_labs_igt,598,many_labs_150_095
many_labs_igt,599,many_labs_150_096
many_labs_igt,600,many_labs_150_097
many_labs_igt,601,many_labs_150_098
many_labs_igt,602,many_labs_95_001
many_labs_igt,603,many_labs_95_002
many_labs_igt,604,many_labs_95_003
many_labs_igt,605,many_labs_95_004
many_labs_igt,606,many_labs_95_005
many_labs_igt,607,many_labs_95_006
many_labs_igt,608,many_labs_95_007
many_labs_igt,609,many_labs_95_008
many_labs_igt,610,many_labs_95_009
many_labs_igt,611,many_labs_95_010
many_labs_igt,612,many_labs_95_011
many_labs_igt,613,many_labs_95_012
many_labs_igt,614,many_labs_95_013
many_labs_igt,615,many_labs_95_014
many_labs_igt,616,many_labs_95_015
mendeley_igt_official_v2,0,mendeley_P01
mendeley_igt_official_v2,1,mendeley_P02
mendeley_igt_official_v2,2,mendeley_P03
mendeley_igt_official_v2,3,mendeley_P04
mendeley_igt_official_v2,4,mendeley_P05
mendeley_igt_official_v2,5,mendeley_P06
mendeley_igt_official_v2,6,mendeley_P07
mendeley_igt_official_v2,7,mendeley_P08
mendeley_igt_official_v2,8,mendeley_P09
mendeley_igt_official_v2,9,mendeley_P10
mendeley_igt_official_v2,10,mendeley_P11
mendeley_igt_official_v2,11,mendeley_P12
mendeley_igt_official_v2,12,mendeley_P13
mendeley_igt_official_v2,13,mendeley_P14
mendeley_igt_official_v2,14,mendeley_P15
mendeley_igt_official_v2,15,mendeley_P16
mendeley_igt_official_v2,16,mendeley_P17
mendeley_igt_official_v2,17,mendeley_P18
mendeley_igt_official_v2,18,mendeley_P19
mendeley_igt_official_v2,19,mendeley_P20
mendeley_igt_official_v2,20,mendeley_P21
mendeley_igt_official_v2,21,mendeley_P22
mendeley_igt_official_v2,22,mendeley_P23
mendeley_igt_official_v2,23,mendeley_P24
mendeley_igt_official_v2,24,mendeley_P25
mendeley_igt_official_v2,25,mendeley_P26
mendeley_igt_official_v2,26,mendeley_P27
mendeley_igt_official_v2,27,mendeley_P28
mendeley_igt_official_v2,28,mendeley_P29
mendeley_igt_official_v2,29,mendeley_P30
mendeley_igt_official_v2,30,mendeley_P31
mendeley_igt_official_v2,31,mendeley_P32
mendeley_igt_official_v2,32,mendeley_P33
mendeley_igt_official_v2,33,mendeley_P34
mendeley_igt_official_v2,34,mendeley_P35
mendeley_igt_official_v2,35,mendeley_P36
mendeley_igt_official_v2,36,mendeley_P37
mendeley_igt_official_v2,37,mendeley_P38
mendeley_igt_official_v2,38,mendeley_P39
mendeley_igt_official_v2,39,mendeley_P40
mendeley_igt_official_v2,40,mendeley_P41
mendeley_igt_official_v2,41,mendeley_P42
mendeley_igt_official_v2,42,mendeley_P43
mendeley_igt_official_v2,43,mendeley_P44
mendeley_igt_official_v2,44,mendeley_P45
mendeley_igt_official_v2,45,mendeley_P46
mendeley_igt_official_v2,46,mendeley_P47
mendeley_igt_official_v2,47,mendeley_P48
mendeley_igt_official_v2,48,mendeley_P49
mendeley_igt_official_v2,49,mendeley_P50
mendeley_igt_official_v2,50,mendeley_P51
mendeley_igt_official_v2,51,mendeley_P52
mendeley_igt_official_v2,52,mendeley_P53
mendeley_igt_official_v2,53,mendeley_P54
mendeley_igt_official_v2,54,mendeley_P55
mendeley_igt_official_v2,55,mendeley_P56
mendeley_igt_official_v2,56,mendeley_P57
mendeley_igt_official_v2,57,mendeley_P58
mendeley_igt_official_v2,58,mendeley_P59
