evidence_scenario,component_arm,dataset_id,evaluation_scope,model_name,n_participants,n_decisions,n_positive,n_alert,n_true_alerts,n_false_alerts,n_human_review,n_event_human_reviews,n_non_event_human_reviews,n_abstain,n_no_action,n_auto_capacity_blocks,n_review_capacity_overflow_abstentions,alert_rate,human_review_rate,abstain_rate,no_action_rate,event_coverage_by_alert,alert_precision,false_alerts_per_100,event_coverage_by_human_review,non_event_human_reviews_per_100,auto_capacity_blocks_per_100,review_capacity_overflow_abstentions_per_100,route_rate_sum,n_invalid_evidence,n_action_on_invalid_evidence,invalid_evidence_action_acceptance_rate,n_invalid_evidence_forced_abstain,n_direct_evidence_gate_blocks,direct_evidence_gate_blocks_per_100,participant_alerts_median,participant_alerts_q1,participant_alerts_q3,participant_alerts_p90,participant_reviews_median,participant_reviews_q1,participant_reviews_q3,participant_reviews_p90,route_agreement_with_full,prediction_scores_changed,predictive_metric_credit_applicable
clean,capacity_off,many_labs_igt,participant_grouped_outer_cv,hist_gradient_boosting,617,66525,30358,17079,13485,3594,6218,3775,2443,10482,32746,0,0,0.2567305524239008,0.09346862081924089,0.15756482525366403,0.4922360015031943,0.44419922261018513,0.789566133848586,5.402480270574972,0.12434943013373741,3.672303645246148,0.0,0.0,1.0,0,0,0.0,0,0,0.0,20.0,13.0,36.0,58.0,9.0,5.0,14.0,19.0,0.7399323562570462,False,False
clean,capacity_off,many_labs_igt,participant_grouped_outer_cv,history_baseline,617,66525,30358,27693,16062,11631,5945,2153,3792,20285,12602,0,0,0.4162795941375423,0.08936490041337843,0.3049229612927471,0.1894325441563322,0.529086237565057,0.5800021666125014,17.483652762119505,0.07092035048422163,5.70011273957159,0.0,0.0,1.0,0,0,0.0,0,0,0.0,35.0,12.0,75.0,98.0,4.0,1.0,13.0,24.0,0.5716948515595641,False,False
clean,capacity_off,many_labs_igt,participant_grouped_outer_cv,regularised_logistic,617,66525,30358,19347,13474,5873,5976,3320,2656,7034,34168,0,0,0.29082299887260427,0.08983089064261555,0.1057346862081924,0.5136114242765878,0.44383687989986165,0.6964387243500284,8.8282600526118,0.10936161802490282,3.9924840285606913,0.0,0.0,0.9999999999999999,0,0,0.0,0,0,0.0,26.0,16.0,42.0,62.0,9.0,6.0,13.0,17.0,0.708891394212702,False,False
clean,capacity_off,mendeley_igt_official_v2,frozen_external_official_v2_same_task,hist_gradient_boosting,59,11800,5793,2790,2154,636,1215,769,446,2282,5513,0,0,0.2364406779661017,0.10296610169491525,0.19338983050847458,0.46720338983050846,0.3718280683583635,0.7720430107526882,5.389830508474576,0.13274641809079923,3.7796610169491527,0.0,0.0,1.0,0,0,0.0,0,0,0.0,39.0,18.0,68.0,99.2,18.0,12.5,26.0,36.400000000000006,0.7100847457627119,False,False
clean,capacity_off,mendeley_igt_official_v2,frozen_external_official_v2_same_task,history_baseline,59,11800,5793,4571,2625,1946,1446,612,834,4146,1637,0,0,0.38737288135593223,0.12254237288135593,0.35135593220338984,0.13872881355932204,0.4531330916623511,0.5742725880551302,16.491525423728813,0.10564474365613671,7.067796610169491,0.0,0.0,1.0,0,0,0.0,0,0,0.0,62.0,7.0,151.5,188.4,5.0,0.0,35.0,66.80000000000003,0.5304237288135594,False,False
clean,capacity_off,mendeley_igt_official_v2,frozen_external_official_v2_same_task,regularised_logistic,59,11800,5793,3361,2214,1147,1115,639,476,1501,5823,0,0,0.28483050847457625,0.09449152542372881,0.12720338983050847,0.49347457627118646,0.38218539616778874,0.6587325200833085,9.720338983050848,0.11030554117037804,4.033898305084746,0.0,0.0,1.0,0,0,0.0,0,0,0.0,51.0,32.0,81.0,105.80000000000001,18.0,13.0,24.0,29.0,0.6698305084745763,False,False
clean,evidence_gate_off,many_labs_igt,participant_grouped_outer_cv,hist_gradient_boosting,617,66525,30358,4774,3668,1106,1222,726,496,15478,45051,12305,4996,0.07176249530251785,0.01836903419767005,0.23266441187523487,0.6772040586245772,0.1208248237696818,0.7683284457478006,1.662532882375047,0.023914618881349232,0.7455843667794062,18.496805712138293,7.509958662157084,1.0,0,0,0.0,0,0,0.0,8.0,8.0,8.0,8.0,2.0,2.0,2.0,2.0,1.0,False,False
clean,evidence_gate_off,many_labs_igt,participant_grouped_outer_cv,history_baseline,617,66525,30358,4274,2687,1587,871,407,464,25359,36021,23419,5074,0.06424652386320932,0.013092822247275461,0.3811950394588501,0.5414656144306652,0.0885104420581066,0.6286850725315863,2.3855693348365277,0.01340668028196851,0.6974821495678316,35.2033070274333,7.627207816610297,1.0,0,0,0.0,0,0,0.0,8.0,8.0,8.0,8.0,2.0,1.0,2.0,2.0,1.0,False,False
clean,evidence_gate_off,many_labs_igt,participant_grouped_outer_cv,regularised_logistic,617,66525,30358,4734,3252,1482,1223,737,486,11787,48781,14613,4753,0.07116121758737316,0.018384066140548667,0.1771815107102593,0.7332732055618189,0.1071216812701759,0.6869455006337135,2.2277339346110483,0.024276961591672707,0.7305524239007892,21.96617812852311,7.144682450206689,1.0,0,0,0.0,0,0,0.0,8.0,8.0,8.0,8.0,2.0,2.0,2.0,2.0,1.0,False,False
clean,evidence_gate_off,mendeley_igt_official_v2,frozen_external_official_v2_same_task,hist_gradient_boosting,59,11800,5793,466,312,154,118,61,57,3379,7837,2324,1097,0.039491525423728815,0.01,0.28635593220338984,0.6641525423728813,0.05385810460901087,0.6695278969957081,1.305084745762712,0.010529949939582254,0.4830508474576271,19.694915254237287,9.296610169491526,1.0,0,0,0.0,0,0,0.0,8.0,8.0,8.0,8.0,2.0,2.0,2.0,2.0,1.0,False,False
clean,evidence_gate_off,mendeley_igt_official_v2,frozen_external_official_v2_same_task,history_baseline,59,11800,5793,396,178,218,80,37,43,5512,5812,4175,1366,0.0335593220338983,0.006779661016949152,0.46711864406779663,0.49254237288135594,0.030726739167961332,0.4494949494949495,1.847457627118644,0.006387018815812187,0.3644067796610169,35.38135593220339,11.576271186440678,1.0,0,0,0.0,0,0,0.0,8.0,7.0,8.0,8.0,2.0,0.0,2.0,2.0,1.0,False,False
clean,evidence_gate_off,mendeley_igt_official_v2,frozen_external_official_v2_same_task,regularised_logistic,59,11800,5793,462,233,229,118,65,53,2498,8722,2899,997,0.039152542372881356,0.01,0.21169491525423728,0.7391525423728813,0.04022095632660107,0.5043290043290043,1.9406779661016949,0.0112204384602106,0.4491525423728814,24.56779661016949,8.44915254237288,1.0,0,0,0.0,0,0,0.0,8.0,8.0,8.0,8.0,2.0,2.0,2.0,2.0,1.0,False,False
clean,full_controls,many_labs_igt,participant_grouped_outer_cv,hist_gradient_boosting,617,66525,30358,4774,3668,1106,1222,726,496,15478,45051,12305,4996,0.07176249530251785,0.01836903419767005,0.23266441187523487,0.6772040586245772,0.1208248237696818,0.7683284457478006,1.662532882375047,0.023914618881349232,0.7455843667794062,18.496805712138293,7.509958662157084,1.0,0,0,0.0,0,0,0.0,8.0,8.0,8.0,8.0,2.0,2.0,2.0,2.0,1.0,False,False
clean,full_controls,many_labs_igt,participant_grouped_outer_cv,history_baseline,617,66525,30358,4274,2687,1587,871,407,464,25359,36021,23419,5074,0.06424652386320932,0.013092822247275461,0.3811950394588501,0.5414656144306652,0.0885104420581066,0.6286850725315863,2.3855693348365277,0.01340668028196851,0.6974821495678316,35.2033070274333,7.627207816610297,1.0,0,0,0.0,0,0,0.0,8.0,8.0,8.0,8.0,2.0,1.0,2.0,2.0,1.0,False,False
clean,full_controls,many_labs_igt,participant_grouped_outer_cv,regularised_logistic,617,66525,30358,4734,3252,1482,1223,737,486,11787,48781,14613,4753,0.07116121758737316,0.018384066140548667,0.1771815107102593,0.7332732055618189,0.1071216812701759,0.6869455006337135,2.2277339346110483,0.024276961591672707,0.7305524239007892,21.96617812852311,7.144682450206689,1.0,0,0,0.0,0,0,0.0,8.0,8.0,8.0,8.0,2.0,2.0,2.0,2.0,1.0,False,False
clean,full_controls,mendeley_igt_official_v2,frozen_external_official_v2_same_task,hist_gradient_boosting,59,11800,5793,466,312,154,118,61,57,3379,7837,2324,1097,0.039491525423728815,0.01,0.28635593220338984,0.6641525423728813,0.05385810460901087,0.6695278969957081,1.305084745762712,0.010529949939582254,0.4830508474576271,19.694915254237287,9.296610169491526,1.0,0,0,0.0,0,0,0.0,8.0,8.0,8.0,8.0,2.0,2.0,2.0,2.0,1.0,False,False
clean,full_controls,mendeley_igt_official_v2,frozen_external_official_v2_same_task,history_baseline,59,11800,5793,396,178,218,80,37,43,5512,5812,4175,1366,0.0335593220338983,0.006779661016949152,0.46711864406779663,0.49254237288135594,0.030726739167961332,0.4494949494949495,1.847457627118644,0.006387018815812187,0.3644067796610169,35.38135593220339,11.576271186440678,1.0,0,0,0.0,0,0,0.0,8.0,7.0,8.0,8.0,2.0,0.0,2.0,2.0,1.0,False,False
clean,full_controls,mendeley_igt_official_v2,frozen_external_official_v2_same_task,regularised_logistic,59,11800,5793,462,233,229,118,65,53,2498,8722,2899,997,0.039152542372881356,0.01,0.21169491525423728,0.7391525423728813,0.04022095632660107,0.5043290043290043,1.9406779661016949,0.0112204384602106,0.4491525423728814,24.56779661016949,8.44915254237288,1.0,0,0,0.0,0,0,0.0,8.0,8.0,8.0,8.0,2.0,2.0,2.0,2.0,1.0,False,False
clean,shared_capacity,many_labs_igt,participant_grouped_outer_cv,hist_gradient_boosting,617,66525,30358,3944,3076,868,2164,1306,858,14536,45881,13135,4054,0.05928598271326569,0.03252912438932732,0.2185043216835776,0.6896805712138294,0.10132419790500033,0.7799188640973631,1.304772641863961,0.043019961789314186,1.289740698985344,19.74445697106351,6.093949642991356,1.0,0,0,0.0,0,0,0.0,7.0,5.0,8.0,9.0,3.0,2.0,5.0,6.0,0.9691544532130778,False,False
clean,shared_capacity,many_labs_igt,participant_grouped_outer_cv,history_baseline,617,66525,30358,4673,2957,1716,1232,692,540,24998,35622,23020,4713,0.07024426907177753,0.01851935362645622,0.3757685080796693,0.535467869222097,0.09740430858422822,0.6327840787502675,2.579481397970688,0.02279465050398577,0.8117249154453213,34.60353250657648,7.084554678692221,0.9999999999999999,0,0,0.0,0,0,0.0,9.0,6.0,10.0,10.0,1.0,0.0,3.0,7.0,0.9727019917324314,False,False
clean,shared_capacity,many_labs_igt,participant_grouped_outer_cv,regularised_logistic,617,66525,30358,4358,2995,1363,1678,1068,610,11332,49157,14989,4298,0.06550920706501315,0.02522360015031943,0.17034197670048853,0.7389252160841788,0.09865603794716385,0.6872418540614961,2.0488538143555055,0.035180183147769946,0.9169485155956407,22.531379180759114,6.460729049229613,1.0,0,0,0.0,0,0,0.0,8.0,6.0,9.0,9.0,2.0,1.0,4.0,5.0,0.9776174370537392,False,False
clean,shared_capacity,mendeley_igt_official_v2,frozen_external_official_v2_same_task,hist_gradient_boosting,59,11800,5793,299,196,103,288,151,137,3209,8004,2491,927,0.025338983050847457,0.02440677966101695,0.2719491525423729,0.6783050847457627,0.033833937510788885,0.6555183946488294,0.8728813559322034,0.026065941653720007,1.1610169491525424,21.110169491525422,7.8559322033898304,0.9999999999999999,0,0,0.0,0,0,0.0,5.0,4.0,6.0,7.0,5.0,4.0,6.0,7.0,0.9711016949152542,False,False
clean,shared_capacity,mendeley_igt_official_v2,frozen_external_official_v2_same_task,history_baseline,59,11800,5793,428,197,231,147,74,73,5445,5780,4143,1299,0.03627118644067796,0.012457627118644067,0.4614406779661017,0.48983050847457626,0.03400655964094597,0.4602803738317757,1.9576271186440677,0.012774037631624375,0.6186440677966102,35.110169491525426,11.008474576271187,1.0,0,0,0.0,0,0,0.0,9.0,5.0,10.0,10.0,1.0,0.0,4.0,7.400000000000006,0.9848305084745763,False,False
clean,shared_capacity,mendeley_igt_official_v2,frozen_external_official_v2_same_task,regularised_logistic,59,11800,5793,449,226,223,141,78,63,2475,8735,2912,974,0.038050847457627116,0.011949152542372882,0.2097457627118644,0.7402542372881356,0.03901260141550147,0.5033407572383074,1.8898305084745763,0.013464526152252718,0.5338983050847458,24.677966101694917,8.254237288135593,0.9999999999999999,0,0,0.0,0,0,0.0,8.0,7.0,8.0,9.0,2.0,2.0,3.0,4.0,0.9928813559322034,False,False
clean,uncertainty_gate_off,many_labs_igt,participant_grouped_outer_cv,hist_gradient_boosting,617,66525,30358,4774,3668,1106,1222,726,496,4996,55533,12305,4996,0.07176249530251785,0.01836903419767005,0.07509958662157083,0.8347688838782412,0.1208248237696818,0.7683284457478006,1.662532882375047,0.023914618881349232,0.7455843667794062,18.496805712138293,7.509958662157084,0.9999999999999999,0,0,0.0,0,0,0.0,8.0,8.0,8.0,8.0,2.0,2.0,2.0,2.0,0.842435174746336,False,False
clean,uncertainty_gate_off,many_labs_igt,participant_grouped_outer_cv,history_baseline,617,66525,30358,4744,2919,1825,900,436,464,6098,54783,42181,6098,0.07131153701615933,0.013528748590755355,0.09166478767380684,0.8234949267192785,0.09615257922129257,0.6153035413153457,2.7433295753476137,0.014361947427366756,0.6974821495678316,63.40623825629463,9.166478767380683,1.0,0,0,0.0,0,0,0.0,8.0,8.0,8.0,8.0,2.0,1.0,2.0,2.0,0.6821495678316423,False,False
clean,uncertainty_gate_off,many_labs_igt,participant_grouped_outer_cv,regularised_logistic,617,66525,30358,4734,3252,1482,1223,737,486,4753,55815,14613,4753,0.07116121758737316,0.018384066140548667,0.0714468245020669,0.8390078917700112,0.1071216812701759,0.6869455006337135,2.2277339346110483,0.024276961591672707,0.7305524239007892,21.96617812852311,7.144682450206689,0.9999999999999999,0,0,0.0,0,0,0.0,8.0,8.0,8.0,8.0,2.0,2.0,2.0,2.0,0.8942653137918076,False,False
clean,uncertainty_gate_off,mendeley_igt_official_v2,frozen_external_official_v2_same_task,hist_gradient_boosting,59,11800,5793,466,312,154,118,61,57,1097,10119,2324,1097,0.039491525423728815,0.01,0.09296610169491526,0.8575423728813559,0.05385810460901087,0.6695278969957081,1.305084745762712,0.010529949939582254,0.4830508474576271,19.694915254237287,9.296610169491526,1.0,0,0,0.0,0,0,0.0,8.0,8.0,8.0,8.0,2.0,2.0,2.0,2.0,0.8066101694915254,False,False
clean,uncertainty_gate_off,mendeley_igt_official_v2,frozen_external_official_v2_same_task,history_baseline,59,11800,5793,458,244,214,82,35,47,1743,9517,7880,1743,0.0388135593220339,0.006949152542372881,0.14771186440677966,0.8065254237288135,0.04211979975832902,0.5327510917030568,1.8135593220338984,0.0060417745554980145,0.3983050847457627,66.77966101694915,14.771186440677965,0.9999999999999999,0,0,0.0,0,0,0.0,8.0,8.0,8.0,8.0,2.0,0.0,2.0,2.0,0.6640677966101695,False,False
clean,uncertainty_gate_off,mendeley_igt_official_v2,frozen_external_official_v2_same_task,regularised_logistic,59,11800,5793,462,233,229,118,65,53,997,10223,2899,997,0.039152542372881356,0.01,0.08449152542372881,0.8663559322033898,0.04022095632660107,0.5043290043290043,1.9406779661016949,0.0112204384602106,0.4491525423728814,24.56779661016949,8.44915254237288,1.0,0,0,0.0,0,0,0.0,8.0,8.0,8.0,8.0,2.0,2.0,2.0,2.0,0.8727966101694915,False,False
missing_stale_stress,capacity_off,many_labs_igt,participant_grouped_outer_cv,hist_gradient_boosting,617,66525,30358,15297,12045,3252,5584,3376,2208,16247,29397,0,0,0.2299436302142052,0.08393836903419767,0.2442239759488914,0.44189402480270573,0.3967652678042032,0.7874092959403804,4.888387824126268,0.11120627182291323,3.319052987598647,0.0,0.0,1.0,6798,0,0.0,6798,6798,10.218714768883878,19.0,12.0,33.0,51.0,8.0,5.0,12.0,17.0,0.7755129650507329,False,False
missing_stale_stress,capacity_off,many_labs_igt,participant_grouped_outer_cv,history_baseline,617,66525,30358,24852,14354,10498,5361,1935,3426,25015,11297,0,0,0.37357384441939123,0.08058624577226607,0.37602405110860576,0.16981585869973695,0.4728242967257395,0.5775792692741026,15.78053363397219,0.06373937677053824,5.149943630214205,0.0,0.0,0.9999999999999999,6798,0,0.0,6798,6798,10.218714768883878,31.0,10.0,67.0,88.0,4.0,1.0,12.0,23.0,0.6223975948891394,False,False
missing_stale_stress,capacity_off,many_labs_igt,participant_grouped_outer_cv,regularised_logistic,617,66525,30358,17351,12034,5317,5372,2982,2390,13117,30685,0,0,0.26081924088688463,0.08075159714393085,0.19717399473882,0.4612551672303645,0.3964029250938797,0.6935623307014005,7.992484028560692,0.09822781474405429,3.5926343479894776,0.0,0.0,1.0,6798,0,0.0,6798,6798,10.218714768883878,24.0,14.0,38.0,56.0,8.0,5.0,11.0,15.0,0.747403231867719,False,False
missing_stale_stress,capacity_off,mendeley_igt_official_v2,frozen_external_official_v2_same_task,hist_gradient_boosting,59,11800,5793,2501,1937,564,1100,698,402,3261,4938,0,0,0.21194915254237287,0.09322033898305085,0.27635593220338983,0.41847457627118645,0.33436906611427586,0.7744902039184326,4.779661016949152,0.12049024684964613,3.406779661016949,0.0,0.0,1.0,1208,0,0.0,1208,1208,10.23728813559322,33.0,16.0,62.0,88.60000000000001,16.0,11.0,24.5,34.0,0.7440677966101695,False,False
missing_stale_stress,capacity_off,mendeley_igt_official_v2,frozen_external_official_v2_same_task,history_baseline,59,11800,5793,4100,2358,1742,1317,557,760,4917,1466,0,0,0.3474576271186441,0.11161016949152543,0.4166949152542373,0.12423728813559322,0.40704298291040913,0.5751219512195122,14.76271186440678,0.09615052649749697,6.440677966101695,0.0,0.0,1.0,1208,0,0.0,1208,1208,10.23728813559322,56.0,7.0,131.5,167.0,5.0,0.0,33.5,59.20000000000003,0.5803389830508474,False,False
missing_stale_stress,capacity_off,mendeley_igt_official_v2,frozen_external_official_v2_same_task,regularised_logistic,59,11800,5793,3027,1994,1033,1004,574,430,2529,5240,0,0,0.25652542372881354,0.08508474576271187,0.2143220338983051,0.4440677966101695,0.3442085275332298,0.6587380244466469,8.754237288135593,0.09908510271016745,3.6440677966101696,0.0,0.0,1.0,1208,0,0.0,1208,1208,10.23728813559322,47.0,28.0,72.5,98.2,17.0,12.0,22.5,27.200000000000003,0.7075423728813559,False,False
missing_stale_stress,evidence_gate_off,many_labs_igt,participant_grouped_outer_cv,hist_gradient_boosting,617,66525,30358,4774,3668,1106,1222,726,496,15478,45051,12305,4996,0.07176249530251785,0.01836903419767005,0.23266441187523487,0.6772040586245772,0.1208248237696818,0.7683284457478006,1.662532882375047,0.023914618881349232,0.7455843667794062,18.496805712138293,7.509958662157084,1.0,6798,630,0.09267431597528684,1535,0,0.0,8.0,8.0,8.0,8.0,2.0,2.0,2.0,2.0,0.9121533258173619,False,False
missing_stale_stress,evidence_gate_off,many_labs_igt,participant_grouped_outer_cv,history_baseline,617,66525,30358,4274,2687,1587,871,407,464,25359,36021,23419,5074,0.06424652386320932,0.013092822247275461,0.3811950394588501,0.5414656144306652,0.0885104420581066,0.6286850725315863,2.3855693348365277,0.01340668028196851,0.6974821495678316,35.2033070274333,7.627207816610297,1.0,6798,534,0.07855251544571933,2568,0,0.0,8.0,8.0,8.0,8.0,2.0,1.0,2.0,2.0,0.9291694851559564,False,False
missing_stale_stress,evidence_gate_off,many_labs_igt,participant_grouped_outer_cv,regularised_logistic,617,66525,30358,4734,3252,1482,1223,737,486,11787,48781,14613,4753,0.07116121758737316,0.018384066140548667,0.1771815107102593,0.7332732055618189,0.1071216812701759,0.6869455006337135,2.2277339346110483,0.024276961591672707,0.7305524239007892,21.96617812852311,7.144682450206689,1.0,6798,653,0.09605766401882906,1180,0,0.0,8.0,8.0,8.0,8.0,2.0,2.0,2.0,2.0,0.9063059000375798,False,False
missing_stale_stress,evidence_gate_off,mendeley_igt_official_v2,frozen_external_official_v2_same_task,hist_gradient_boosting,59,11800,5793,466,312,154,118,61,57,3379,7837,2324,1097,0.039491525423728815,0.01,0.28635593220338984,0.6641525423728813,0.05385810460901087,0.6695278969957081,1.305084745762712,0.010529949939582254,0.4830508474576271,19.694915254237287,9.296610169491526,1.0,1208,56,0.046357615894039736,337,0,0.0,8.0,8.0,8.0,8.0,2.0,2.0,2.0,2.0,0.9216949152542373,False,False
missing_stale_stress,evidence_gate_off,mendeley_igt_official_v2,frozen_external_official_v2_same_task,history_baseline,59,11800,5793,396,178,218,80,37,43,5512,5812,4175,1366,0.0335593220338983,0.006779661016949152,0.46711864406779663,0.49254237288135594,0.030726739167961332,0.4494949494949495,1.847457627118644,0.006387018815812187,0.3644067796610169,35.38135593220339,11.576271186440678,1.0,1208,38,0.03145695364238411,556,0,0.0,8.0,7.0,8.0,8.0,2.0,0.0,2.0,2.0,0.9424576271186441,False,False
missing_stale_stress,evidence_gate_off,mendeley_igt_official_v2,frozen_external_official_v2_same_task,regularised_logistic,59,11800,5793,462,233,229,118,65,53,2498,8722,2899,997,0.039152542372881356,0.01,0.21169491525423728,0.7391525423728813,0.04022095632660107,0.5043290043290043,1.9406779661016949,0.0112204384602106,0.4491525423728814,24.56779661016949,8.44915254237288,1.0,1208,51,0.042218543046357616,281,0,0.0,8.0,8.0,8.0,8.0,2.0,2.0,2.0,2.0,0.9171186440677966,False,False
missing_stale_stress,full_controls,many_labs_igt,participant_grouped_outer_cv,hist_gradient_boosting,617,66525,30358,4733,3632,1101,1214,724,490,20617,39961,10564,4370,0.07114618564449456,0.018248778654641112,0.30991356632844796,0.6006914693724164,0.11963897489953225,0.7673779843650962,1.6550169109357384,0.023848738388563145,0.736565201052236,15.879744456971064,6.568959037955656,1.0,6798,0,0.0,6798,6798,10.218714768883878,8.0,8.0,8.0,8.0,2.0,2.0,2.0,2.0,1.0,False,False
missing_stale_stress,full_controls,many_labs_igt,participant_grouped_outer_cv,history_baseline,617,66525,30358,4236,2641,1595,857,384,473,29519,31913,20616,4504,0.06367531003382187,0.012882375046974821,0.44372792183389703,0.4797143930853063,0.08699519072402662,0.6234655335221907,2.3975948891394214,0.01264905461492852,0.711010898158587,30.989853438556935,6.770387072529124,1.0,6798,0,0.0,6798,6798,10.218714768883878,8.0,8.0,8.0,8.0,2.0,1.0,2.0,2.0,1.0,False,False
missing_stale_stress,full_controls,many_labs_igt,participant_grouped_outer_cv,regularised_logistic,617,66525,30358,4702,3217,1485,1217,734,483,17272,43334,12649,4155,0.07068019541525743,0.018293874483276965,0.2596317173994739,0.6513942127019917,0.10596877264641939,0.6841769459804339,2.232243517474634,0.024178140852493576,0.7260428410372041,19.01390454716272,6.245772266065389,1.0,6798,0,0.0,6798,6798,10.218714768883878,8.0,8.0,8.0,8.0,2.0,2.0,2.0,2.0,1.0,False,False
missing_stale_stress,full_controls,mendeley_igt_official_v2,frozen_external_official_v2_same_task,hist_gradient_boosting,59,11800,5793,463,304,159,118,62,56,4243,6976,2038,982,0.03923728813559322,0.01,0.3595762711864407,0.5911864406779661,0.05247712756775419,0.6565874730021598,1.347457627118644,0.01070257206973934,0.4745762711864407,17.271186440677965,8.322033898305085,1.0,1208,0,0.0,1208,1208,10.23728813559322,8.0,8.0,8.0,8.0,2.0,2.0,2.0,2.0,1.0,False,False
missing_stale_stress,full_controls,mendeley_igt_official_v2,frozen_external_official_v2_same_task,history_baseline,59,11800,5793,388,178,210,77,30,47,6157,5178,3712,1240,0.03288135593220339,0.00652542372881356,0.5217796610169492,0.4388135593220339,0.030726739167961332,0.4587628865979381,1.7796610169491525,0.005178663904712584,0.3983050847457627,31.45762711864407,10.508474576271187,1.0,1208,0,0.0,1208,1208,10.23728813559322,8.0,7.0,8.0,8.0,2.0,0.0,2.0,2.0,1.0,False,False
missing_stale_stress,full_controls,mendeley_igt_official_v2,frozen_external_official_v2_same_task,regularised_logistic,59,11800,5793,462,234,228,118,65,53,3415,7805,2565,886,0.039152542372881356,0.01,0.28940677966101697,0.6614406779661017,0.04039357845675816,0.5064935064935064,1.9322033898305084,0.0112204384602106,0.4491525423728814,21.73728813559322,7.508474576271187,1.0,1208,0,0.0,1208,1208,10.23728813559322,8.0,8.0,8.0,8.0,2.0,2.0,2.0,2.0,1.0,False,False
missing_stale_stress,shared_capacity,many_labs_igt,participant_grouped_outer_cv,hist_gradient_boosting,617,66525,30358,4008,3117,891,2083,1261,822,19748,40686,11289,3501,0.06024802705749718,0.03131153701615934,0.29685080796692975,0.6115896279594137,0.1026747480071151,0.7776946107784432,1.3393461104847801,0.041537650701627245,1.2356257046223225,16.9695603156708,5.262683201803833,1.0,6798,0,0.0,6798,6798,10.218714768883878,7.0,5.0,8.0,9.0,3.0,2.0,4.0,6.0,0.9707779030439684,False,False
missing_stale_stress,shared_capacity,many_labs_igt,participant_grouped_outer_cv,history_baseline,617,66525,30358,4656,2916,1740,1211,666,545,29165,31493,20196,4150,0.06998872604284104,0.01820368282600526,0.4384066140548666,0.4734009770762871,0.09605375848211345,0.6262886597938144,2.6155580608793687,0.021938204097766652,0.8192408868846298,30.358511837655016,6.238256294626081,1.0,6798,0,0.0,6798,6798,10.218714768883878,9.0,6.0,10.0,10.0,1.0,0.0,3.0,7.0,0.9727621195039459,False,False
missing_stale_stress,shared_capacity,many_labs_igt,participant_grouped_outer_cv,regularised_logistic,617,66525,30358,4390,2996,1394,1624,1037,587,16865,43646,12961,3748,0.0659902292371289,0.024411875234874106,0.25351371664787675,0.6560841788801203,0.09868897819355689,0.6824601366742596,2.0954528372792183,0.034159035509585614,0.8823750469748215,19.482901164975573,5.633972190905674,1.0,6798,0,0.0,6798,6798,10.218714768883878,8.0,6.0,9.0,9.0,2.0,1.0,4.0,5.0,0.9781585869973695,False,False
missing_stale_stress,shared_capacity,mendeley_igt_official_v2,frozen_external_official_v2_same_task,hist_gradient_boosting,59,11800,5793,304,201,103,282,147,135,4079,7135,2197,818,0.02576271186440678,0.023898305084745764,0.34567796610169493,0.6046610169491525,0.03469704816157431,0.6611842105263158,0.8728813559322034,0.025375453133091662,1.1440677966101696,18.61864406779661,6.932203389830509,1.0,1208,0,0.0,1208,1208,10.23728813559322,5.0,4.0,6.0,7.0,5.0,4.0,6.0,7.200000000000003,0.9722881355932204,False,False
missing_stale_stress,shared_capacity,mendeley_igt_official_v2,frozen_external_official_v2_same_task,history_baseline,59,11800,5793,421,195,226,149,70,79,6085,5145,3679,1168,0.035677966101694915,0.012627118644067797,0.5156779661016949,0.43601694915254235,0.033661315380631794,0.46318289786223277,1.9152542372881356,0.012083549110996029,0.6694915254237288,31.177966101694917,9.898305084745763,1.0,1208,0,0.0,1208,1208,10.23728813559322,8.0,5.0,10.0,10.0,1.0,0.0,4.5,8.400000000000006,0.9846610169491525,False,False
missing_stale_stress,shared_capacity,mendeley_igt_official_v2,frozen_external_official_v2_same_task,regularised_logistic,59,11800,5793,445,227,218,145,77,68,3388,7822,2582,859,0.03771186440677966,0.01228813559322034,0.28711864406779664,0.6628813559322034,0.03918522354565855,0.5101123595505618,1.847457627118644,0.013291904022095633,0.576271186440678,21.88135593220339,7.279661016949152,1.0,1208,0,0.0,1208,1208,10.23728813559322,8.0,7.0,9.0,9.0,2.0,1.0,3.0,4.0,0.9905084745762712,False,False
missing_stale_stress,uncertainty_gate_off,many_labs_igt,participant_grouped_outer_cv,hist_gradient_boosting,617,66525,30358,4733,3632,1101,1214,724,490,11168,49410,10564,4370,0.07114618564449456,0.018248778654641112,0.16787673806839534,0.742728297632469,0.11963897489953225,0.7673779843650962,1.6550169109357384,0.023848738388563145,0.736565201052236,15.879744456971064,6.568959037955656,1.0,6798,0,0.0,6798,6798,10.218714768883878,8.0,8.0,8.0,8.0,2.0,2.0,2.0,2.0,0.8579631717399474,False,False
missing_stale_stress,uncertainty_gate_off,many_labs_igt,participant_grouped_outer_cv,history_baseline,617,66525,30358,4726,2916,1810,888,413,475,12211,48700,37403,5413,0.07104096204434424,0.01334836527621195,0.18355505449079293,0.7320556181886508,0.09605375848211345,0.6170122725349132,2.720781661029688,0.013604321760326768,0.7140172867343104,56.22397594889139,8.136790680195416,0.9999999999999999,6798,0,0.0,6798,6798,10.218714768883878,8.0,8.0,8.0,8.0,2.0,1.0,2.0,2.0,0.7128297632468996,False,False
missing_stale_stress,uncertainty_gate_off,many_labs_igt,participant_grouped_outer_cv,regularised_logistic,617,66525,30358,4702,3217,1485,1217,734,483,10953,49653,12649,4155,0.07068019541525743,0.018293874483276965,0.16464487034949268,0.746381059751973,0.10596877264641939,0.6841769459804339,2.232243517474634,0.024178140852493576,0.7260428410372041,19.01390454716272,6.245772266065389,1.0,6798,0,0.0,6798,6798,10.218714768883878,8.0,8.0,8.0,8.0,2.0,2.0,2.0,2.0,0.9050131529500188,False,False
missing_stale_stress,uncertainty_gate_off,mendeley_igt_official_v2,frozen_external_official_v2_same_task,hist_gradient_boosting,59,11800,5793,463,304,159,118,62,56,2190,9029,2038,982,0.03923728813559322,0.01,0.18559322033898304,0.7651694915254237,0.05247712756775419,0.6565874730021598,1.347457627118644,0.01070257206973934,0.4745762711864407,17.271186440677965,8.322033898305085,1.0,1208,0,0.0,1208,1208,10.23728813559322,8.0,8.0,8.0,8.0,2.0,2.0,2.0,2.0,0.8260169491525424,False,False
missing_stale_stress,uncertainty_gate_off,mendeley_igt_official_v2,frozen_external_official_v2_same_task,history_baseline,59,11800,5793,456,240,216,80,29,51,2791,8473,7007,1583,0.03864406779661017,0.006779661016949152,0.23652542372881355,0.7180508474576272,0.041429311237700675,0.5263157894736842,1.8305084745762712,0.005006041774555498,0.4322033898305085,59.38135593220339,13.415254237288135,1.0,1208,0,0.0,1208,1208,10.23728813559322,8.0,8.0,8.0,8.0,2.0,0.0,2.0,2.0,0.699322033898305,False,False
missing_stale_stress,uncertainty_gate_off,mendeley_igt_official_v2,frozen_external_official_v2_same_task,regularised_logistic,59,11800,5793,462,234,228,118,65,53,2094,9126,2565,886,0.039152542372881356,0.01,0.17745762711864407,0.7733898305084745,0.04039357845675816,0.5064935064935064,1.9322033898305084,0.0112204384602106,0.4491525423728814,21.73728813559322,7.508474576271187,1.0,1208,0,0.0,1208,1208,10.23728813559322,8.0,8.0,8.0,8.0,2.0,2.0,2.0,2.0,0.8880508474576271,False,False
