manuscript_item,panel,source_file,local_snapshot,row_key_or_filter,transformation,evidence_type,source_sha256
Figure 1,a/b,build_figures.py#fig1,build_figures.py#fig1,"{""budget"": 1, ""distinct_requests"": [""A"", ""B""]}",Constructed illustrative event chains; no observed outcome or full-implementation failure used.,illustrative counterexample,1bda7e9829dbd409434a1d77913b34871d1847be8877db5f85fbe591f4838498
Figure 1,b,AIR-014_IASC_Reproducibility/end_to_end/PROTOCOL.md,data/input/S8_PROTOCOL.md,"{""rule"": ""retain unknown armed grants""}","Specified retention rule used in the illustrative chain; values are hypothetical, not an observed experiment.",specified recovery rule applied illustratively,d618e794fc6ba5f785147f6796e09e548c28045aa105416c092bf3d400c34537
Figure 2,lifecycle,AIR-014_IASC_Reproducibility/end_to_end/PROTOCOL.md,data/input/S8_PROTOCOL.md,"{""boundary"": ""journal/issue/arm/sink/reconcile/cleanup""}",Qualitative state/transaction schematic from implementation and locked protocols; no behavioral-to-S8 pipeline implied.,specified implementation boundary,d618e794fc6ba5f785147f6796e09e548c28045aa105416c092bf3d400c34537
Figure 2,lifecycle,AIR-014_IASC_Reproducibility/end_to_end/PROTOCOL_AMENDMENTS.md,data/input/S8_PROTOCOL_AMENDMENTS.md,"{""boundary"": ""journal/issue/arm/sink/reconcile/cleanup""}",Qualitative state/transaction schematic from implementation and locked protocols; no behavioral-to-S8 pipeline implied.,specified implementation boundary,2706d230eef51b0927b130ab6fa7be223d7cee7641a3a1856df226c281811600
Figure 2,lifecycle,AIR-014_IASC_Reproducibility/end_to_end/ecrc_e2e.py,data/input/ecrc_e2e.py,"{""boundary"": ""journal/issue/arm/sink/reconcile/cleanup""}",Qualitative state/transaction schematic from implementation and locked protocols; no behavioral-to-S8 pipeline implied.,specified implementation boundary,554b5a35c764c47d9b5e7c4419192a36d601807eb8937b0709a120a03a24060a
Figure 2,lifecycle,AIR-014_IASC_Reproducibility/end_to_end/ordinary_e2e.py,data/input/ordinary_e2e.py,"{""boundary"": ""journal/issue/arm/sink/reconcile/cleanup""}",Qualitative state/transaction schematic from implementation and locked protocols; no behavioral-to-S8 pipeline implied.,specified implementation boundary,1ad85d855dc9e80daecf1b33cc92ba1f17fdb1019a84a14db05fe712f8fcab68
Figure 2,lifecycle,AIR-014_IASC_Reproducibility/runtime/PROTOCOL.md,data/input/S6_PROTOCOL.md,"{""boundary"": ""journal/issue/arm/sink/reconcile/cleanup""}",Qualitative state/transaction schematic from implementation and locked protocols; no behavioral-to-S8 pipeline implied.,specified implementation boundary,5113074d3064befdf21660f97d20faac0c09777c42b591864c8a9409f0950b40
Figure 3,a,AIR-014_IASC_Reproducibility/end_to_end/out/expired_unarmed_cleanup/rep-0/ecrc/snapshots/issued_unarmed_before_expiry/client.sqlite,data/input/s8/expired_unarmed_cleanup/rep-0/ecrc/issued_unarmed_before_expiry/client.sqlite,"{""implementation"": ""ecrc"", ""phase"": ""issued_unarmed_before_expiry"", ""rep"": 0, ""scenario"": ""expired_unarmed_cleanup""}",Direct counts/sums from copied SQLite state; all 2 implementations x 3 repetitions; no run selection.,saved observed checkpoint,b398d09d784f1a35e85dcf0ae932d30fd11fe72b1ae12e2e43099dd5fefb6bcc
Figure 3,a,AIR-014_IASC_Reproducibility/end_to_end/out/expired_unarmed_cleanup/rep-0/ecrc/snapshots/issued_unarmed_before_expiry/sink.sqlite,data/input/s8/expired_unarmed_cleanup/rep-0/ecrc/issued_unarmed_before_expiry/sink.sqlite,"{""implementation"": ""ecrc"", ""phase"": ""issued_unarmed_before_expiry"", ""rep"": 0, ""scenario"": ""expired_unarmed_cleanup""}",Direct counts/sums from copied SQLite state; all 2 implementations x 3 repetitions; no run selection.,saved observed checkpoint,fdf40b13f9968f5955cae88ded8c21aef1ae4244e8a3c43be5885b5b02c992db
Figure 3,a,AIR-014_IASC_Reproducibility/end_to_end/out/expired_unarmed_cleanup/rep-0/ecrc/snapshots/expired_unarmed_cancelled/client.sqlite,data/input/s8/expired_unarmed_cleanup/rep-0/ecrc/expired_unarmed_cancelled/client.sqlite,"{""implementation"": ""ecrc"", ""phase"": ""expired_unarmed_cancelled"", ""rep"": 0, ""scenario"": ""expired_unarmed_cleanup""}",Direct counts/sums from copied SQLite state; all 2 implementations x 3 repetitions; no run selection.,saved observed checkpoint,e0cabf8e2eacc73e160d7b744fb0d9857ed2a7a87bc75ae0fccd98dad2bd98d9
Figure 3,a,AIR-014_IASC_Reproducibility/end_to_end/out/expired_unarmed_cleanup/rep-0/ecrc/snapshots/expired_unarmed_cancelled/sink.sqlite,data/input/s8/expired_unarmed_cleanup/rep-0/ecrc/expired_unarmed_cancelled/sink.sqlite,"{""implementation"": ""ecrc"", ""phase"": ""expired_unarmed_cancelled"", ""rep"": 0, ""scenario"": ""expired_unarmed_cleanup""}",Direct counts/sums from copied SQLite state; all 2 implementations x 3 repetitions; no run selection.,saved observed checkpoint,fdf40b13f9968f5955cae88ded8c21aef1ae4244e8a3c43be5885b5b02c992db
Figure 3,a,AIR-014_IASC_Reproducibility/end_to_end/out/expired_unarmed_cleanup/rep-0/ecrc/snapshots/cancelled_replay_no_dispatch/client.sqlite,data/input/s8/expired_unarmed_cleanup/rep-0/ecrc/cancelled_replay_no_dispatch/client.sqlite,"{""implementation"": ""ecrc"", ""phase"": ""cancelled_replay_no_dispatch"", ""rep"": 0, ""scenario"": ""expired_unarmed_cleanup""}",Direct counts/sums from copied SQLite state; all 2 implementations x 3 repetitions; no run selection.,saved observed checkpoint,e0cabf8e2eacc73e160d7b744fb0d9857ed2a7a87bc75ae0fccd98dad2bd98d9
Figure 3,a,AIR-014_IASC_Reproducibility/end_to_end/out/expired_unarmed_cleanup/rep-0/ecrc/snapshots/cancelled_replay_no_dispatch/sink.sqlite,data/input/s8/expired_unarmed_cleanup/rep-0/ecrc/cancelled_replay_no_dispatch/sink.sqlite,"{""implementation"": ""ecrc"", ""phase"": ""cancelled_replay_no_dispatch"", ""rep"": 0, ""scenario"": ""expired_unarmed_cleanup""}",Direct counts/sums from copied SQLite state; all 2 implementations x 3 repetitions; no run selection.,saved observed checkpoint,fdf40b13f9968f5955cae88ded8c21aef1ae4244e8a3c43be5885b5b02c992db
Figure 3,a,AIR-014_IASC_Reproducibility/end_to_end/out/expired_unarmed_cleanup/rep-0/ecrc/snapshots/released_budget_reused/client.sqlite,data/input/s8/expired_unarmed_cleanup/rep-0/ecrc/released_budget_reused/client.sqlite,"{""implementation"": ""ecrc"", ""phase"": ""released_budget_reused"", ""rep"": 0, ""scenario"": ""expired_unarmed_cleanup""}",Direct counts/sums from copied SQLite state; all 2 implementations x 3 repetitions; no run selection.,saved observed checkpoint,9c744aeb80dec7815142f9ceed6bea77142c4008148b7c51adcd7a9a8037debc
Figure 3,a,AIR-014_IASC_Reproducibility/end_to_end/out/expired_unarmed_cleanup/rep-0/ecrc/snapshots/released_budget_reused/sink.sqlite,data/input/s8/expired_unarmed_cleanup/rep-0/ecrc/released_budget_reused/sink.sqlite,"{""implementation"": ""ecrc"", ""phase"": ""released_budget_reused"", ""rep"": 0, ""scenario"": ""expired_unarmed_cleanup""}",Direct counts/sums from copied SQLite state; all 2 implementations x 3 repetitions; no run selection.,saved observed checkpoint,0e245d61d3bd2761f3a322b0c73fe9fb3848f877b6d0f1b924b3665061a44f9d
Figure 3,a,AIR-014_IASC_Reproducibility/end_to_end/out/expired_unarmed_cleanup/rep-0/ecrc/snapshots/final/client.sqlite,data/input/s8/expired_unarmed_cleanup/rep-0/ecrc/final/client.sqlite,"{""implementation"": ""ecrc"", ""phase"": ""final"", ""rep"": 0, ""scenario"": ""expired_unarmed_cleanup""}",Direct counts/sums from copied SQLite state; all 2 implementations x 3 repetitions; no run selection.,saved observed checkpoint,9c744aeb80dec7815142f9ceed6bea77142c4008148b7c51adcd7a9a8037debc
Figure 3,a,AIR-014_IASC_Reproducibility/end_to_end/out/expired_unarmed_cleanup/rep-0/ecrc/snapshots/final/sink.sqlite,data/input/s8/expired_unarmed_cleanup/rep-0/ecrc/final/sink.sqlite,"{""implementation"": ""ecrc"", ""phase"": ""final"", ""rep"": 0, ""scenario"": ""expired_unarmed_cleanup""}",Direct counts/sums from copied SQLite state; all 2 implementations x 3 repetitions; no run selection.,saved observed checkpoint,0e245d61d3bd2761f3a322b0c73fe9fb3848f877b6d0f1b924b3665061a44f9d
Figure 3,a,AIR-014_IASC_Reproducibility/end_to_end/out/expired_unarmed_cleanup/rep-0/ecrc/client.sqlite,data/input/s8/expired_unarmed_cleanup/rep-0/ecrc/current_final/client.sqlite,"{""implementation"": ""ecrc"", ""phase"": ""current_final"", ""rep"": 0, ""scenario"": ""expired_unarmed_cleanup""}",Direct counts/sums from copied SQLite state; all 2 implementations x 3 repetitions; no run selection.,saved observed final DB,e73489b650e37a99d200a0b63bbe7139d4c24005660e63a5c781070b7a87bc26
Figure 3,a,AIR-014_IASC_Reproducibility/end_to_end/out/expired_unarmed_cleanup/rep-0/ecrc/sink.sqlite,data/input/s8/expired_unarmed_cleanup/rep-0/ecrc/current_final/sink.sqlite,"{""implementation"": ""ecrc"", ""phase"": ""current_final"", ""rep"": 0, ""scenario"": ""expired_unarmed_cleanup""}",Direct counts/sums from copied SQLite state; all 2 implementations x 3 repetitions; no run selection.,saved observed final DB,ef8cce9a9d7e300156705b4e5996baf33f65dfbff727e3b4e70e4d5702887332
Figure 3,a,AIR-014_IASC_Reproducibility/end_to_end/out/expired_unarmed_cleanup/rep-0/ordinary/snapshots/issued_unarmed_before_expiry/client.sqlite,data/input/s8/expired_unarmed_cleanup/rep-0/ordinary/issued_unarmed_before_expiry/client.sqlite,"{""implementation"": ""ordinary"", ""phase"": ""issued_unarmed_before_expiry"", ""rep"": 0, ""scenario"": ""expired_unarmed_cleanup""}",Direct counts/sums from copied SQLite state; all 2 implementations x 3 repetitions; no run selection.,saved observed checkpoint,0b4627bbbd5525576eeebdcf757ea98ace46fc124a0952b5dfb0925b383cc453
Figure 3,a,AIR-014_IASC_Reproducibility/end_to_end/out/expired_unarmed_cleanup/rep-0/ordinary/snapshots/issued_unarmed_before_expiry/sink.sqlite,data/input/s8/expired_unarmed_cleanup/rep-0/ordinary/issued_unarmed_before_expiry/sink.sqlite,"{""implementation"": ""ordinary"", ""phase"": ""issued_unarmed_before_expiry"", ""rep"": 0, ""scenario"": ""expired_unarmed_cleanup""}",Direct counts/sums from copied SQLite state; all 2 implementations x 3 repetitions; no run selection.,saved observed checkpoint,fdf40b13f9968f5955cae88ded8c21aef1ae4244e8a3c43be5885b5b02c992db
Figure 3,a,AIR-014_IASC_Reproducibility/end_to_end/out/expired_unarmed_cleanup/rep-0/ordinary/snapshots/expired_unarmed_cancelled/client.sqlite,data/input/s8/expired_unarmed_cleanup/rep-0/ordinary/expired_unarmed_cancelled/client.sqlite,"{""implementation"": ""ordinary"", ""phase"": ""expired_unarmed_cancelled"", ""rep"": 0, ""scenario"": ""expired_unarmed_cleanup""}",Direct counts/sums from copied SQLite state; all 2 implementations x 3 repetitions; no run selection.,saved observed checkpoint,a01fc5b1237219861999571f9f4bf7ce74296679e65a6d750a7d761c7f72c7f6
Figure 3,a,AIR-014_IASC_Reproducibility/end_to_end/out/expired_unarmed_cleanup/rep-0/ordinary/snapshots/expired_unarmed_cancelled/sink.sqlite,data/input/s8/expired_unarmed_cleanup/rep-0/ordinary/expired_unarmed_cancelled/sink.sqlite,"{""implementation"": ""ordinary"", ""phase"": ""expired_unarmed_cancelled"", ""rep"": 0, ""scenario"": ""expired_unarmed_cleanup""}",Direct counts/sums from copied SQLite state; all 2 implementations x 3 repetitions; no run selection.,saved observed checkpoint,fdf40b13f9968f5955cae88ded8c21aef1ae4244e8a3c43be5885b5b02c992db
Figure 3,a,AIR-014_IASC_Reproducibility/end_to_end/out/expired_unarmed_cleanup/rep-0/ordinary/snapshots/cancelled_replay_no_dispatch/client.sqlite,data/input/s8/expired_unarmed_cleanup/rep-0/ordinary/cancelled_replay_no_dispatch/client.sqlite,"{""implementation"": ""ordinary"", ""phase"": ""cancelled_replay_no_dispatch"", ""rep"": 0, ""scenario"": ""expired_unarmed_cleanup""}",Direct counts/sums from copied SQLite state; all 2 implementations x 3 repetitions; no run selection.,saved observed checkpoint,a01fc5b1237219861999571f9f4bf7ce74296679e65a6d750a7d761c7f72c7f6
Figure 3,a,AIR-014_IASC_Reproducibility/end_to_end/out/expired_unarmed_cleanup/rep-0/ordinary/snapshots/cancelled_replay_no_dispatch/sink.sqlite,data/input/s8/expired_unarmed_cleanup/rep-0/ordinary/cancelled_replay_no_dispatch/sink.sqlite,"{""implementation"": ""ordinary"", ""phase"": ""cancelled_replay_no_dispatch"", ""rep"": 0, ""scenario"": ""expired_unarmed_cleanup""}",Direct counts/sums from copied SQLite state; all 2 implementations x 3 repetitions; no run selection.,saved observed checkpoint,fdf40b13f9968f5955cae88ded8c21aef1ae4244e8a3c43be5885b5b02c992db
Figure 3,a,AIR-014_IASC_Reproducibility/end_to_end/out/expired_unarmed_cleanup/rep-0/ordinary/snapshots/released_budget_reused/client.sqlite,data/input/s8/expired_unarmed_cleanup/rep-0/ordinary/released_budget_reused/client.sqlite,"{""implementation"": ""ordinary"", ""phase"": ""released_budget_reused"", ""rep"": 0, ""scenario"": ""expired_unarmed_cleanup""}",Direct counts/sums from copied SQLite state; all 2 implementations x 3 repetitions; no run selection.,saved observed checkpoint,2c1bdd4050412656c12abd35daa4d6f73a728315fbd7c617f7c003c14b885df3
Figure 3,a,AIR-014_IASC_Reproducibility/end_to_end/out/expired_unarmed_cleanup/rep-0/ordinary/snapshots/released_budget_reused/sink.sqlite,data/input/s8/expired_unarmed_cleanup/rep-0/ordinary/released_budget_reused/sink.sqlite,"{""implementation"": ""ordinary"", ""phase"": ""released_budget_reused"", ""rep"": 0, ""scenario"": ""expired_unarmed_cleanup""}",Direct counts/sums from copied SQLite state; all 2 implementations x 3 repetitions; no run selection.,saved observed checkpoint,8fb4aa121a395bca3659156ab2db42a92cd856a09200264332035e51fd220156
Figure 3,a,AIR-014_IASC_Reproducibility/end_to_end/out/expired_unarmed_cleanup/rep-0/ordinary/snapshots/final/client.sqlite,data/input/s8/expired_unarmed_cleanup/rep-0/ordinary/final/client.sqlite,"{""implementation"": ""ordinary"", ""phase"": ""final"", ""rep"": 0, ""scenario"": ""expired_unarmed_cleanup""}",Direct counts/sums from copied SQLite state; all 2 implementations x 3 repetitions; no run selection.,saved observed checkpoint,2c1bdd4050412656c12abd35daa4d6f73a728315fbd7c617f7c003c14b885df3
Figure 3,a,AIR-014_IASC_Reproducibility/end_to_end/out/expired_unarmed_cleanup/rep-0/ordinary/snapshots/final/sink.sqlite,data/input/s8/expired_unarmed_cleanup/rep-0/ordinary/final/sink.sqlite,"{""implementation"": ""ordinary"", ""phase"": ""final"", ""rep"": 0, ""scenario"": ""expired_unarmed_cleanup""}",Direct counts/sums from copied SQLite state; all 2 implementations x 3 repetitions; no run selection.,saved observed checkpoint,8fb4aa121a395bca3659156ab2db42a92cd856a09200264332035e51fd220156
Figure 3,a,AIR-014_IASC_Reproducibility/end_to_end/out/expired_unarmed_cleanup/rep-0/ordinary/client.sqlite,data/input/s8/expired_unarmed_cleanup/rep-0/ordinary/current_final/client.sqlite,"{""implementation"": ""ordinary"", ""phase"": ""current_final"", ""rep"": 0, ""scenario"": ""expired_unarmed_cleanup""}",Direct counts/sums from copied SQLite state; all 2 implementations x 3 repetitions; no run selection.,saved observed final DB,fab538cbb3014129f57b2a7b0102459710a62a79bb54b73c2dd4c4d572c4a2cb
Figure 3,a,AIR-014_IASC_Reproducibility/end_to_end/out/expired_unarmed_cleanup/rep-0/ordinary/sink.sqlite,data/input/s8/expired_unarmed_cleanup/rep-0/ordinary/current_final/sink.sqlite,"{""implementation"": ""ordinary"", ""phase"": ""current_final"", ""rep"": 0, ""scenario"": ""expired_unarmed_cleanup""}",Direct counts/sums from copied SQLite state; all 2 implementations x 3 repetitions; no run selection.,saved observed final DB,004dcb71ce5019ff24235ec9da7b128753d0b15aad7175408de04789d05c9bb5
Figure 3,a,AIR-014_IASC_Reproducibility/end_to_end/out/expired_unarmed_cleanup/rep-1/ecrc/snapshots/issued_unarmed_before_expiry/client.sqlite,data/input/s8/expired_unarmed_cleanup/rep-1/ecrc/issued_unarmed_before_expiry/client.sqlite,"{""implementation"": ""ecrc"", ""phase"": ""issued_unarmed_before_expiry"", ""rep"": 1, ""scenario"": ""expired_unarmed_cleanup""}",Direct counts/sums from copied SQLite state; all 2 implementations x 3 repetitions; no run selection.,saved observed checkpoint,b398d09d784f1a35e85dcf0ae932d30fd11fe72b1ae12e2e43099dd5fefb6bcc
Figure 3,a,AIR-014_IASC_Reproducibility/end_to_end/out/expired_unarmed_cleanup/rep-1/ecrc/snapshots/issued_unarmed_before_expiry/sink.sqlite,data/input/s8/expired_unarmed_cleanup/rep-1/ecrc/issued_unarmed_before_expiry/sink.sqlite,"{""implementation"": ""ecrc"", ""phase"": ""issued_unarmed_before_expiry"", ""rep"": 1, ""scenario"": ""expired_unarmed_cleanup""}",Direct counts/sums from copied SQLite state; all 2 implementations x 3 repetitions; no run selection.,saved observed checkpoint,fdf40b13f9968f5955cae88ded8c21aef1ae4244e8a3c43be5885b5b02c992db
Figure 3,a,AIR-014_IASC_Reproducibility/end_to_end/out/expired_unarmed_cleanup/rep-1/ecrc/snapshots/expired_unarmed_cancelled/client.sqlite,data/input/s8/expired_unarmed_cleanup/rep-1/ecrc/expired_unarmed_cancelled/client.sqlite,"{""implementation"": ""ecrc"", ""phase"": ""expired_unarmed_cancelled"", ""rep"": 1, ""scenario"": ""expired_unarmed_cleanup""}",Direct counts/sums from copied SQLite state; all 2 implementations x 3 repetitions; no run selection.,saved observed checkpoint,e0cabf8e2eacc73e160d7b744fb0d9857ed2a7a87bc75ae0fccd98dad2bd98d9
Figure 3,a,AIR-014_IASC_Reproducibility/end_to_end/out/expired_unarmed_cleanup/rep-1/ecrc/snapshots/expired_unarmed_cancelled/sink.sqlite,data/input/s8/expired_unarmed_cleanup/rep-1/ecrc/expired_unarmed_cancelled/sink.sqlite,"{""implementation"": ""ecrc"", ""phase"": ""expired_unarmed_cancelled"", ""rep"": 1, ""scenario"": ""expired_unarmed_cleanup""}",Direct counts/sums from copied SQLite state; all 2 implementations x 3 repetitions; no run selection.,saved observed checkpoint,fdf40b13f9968f5955cae88ded8c21aef1ae4244e8a3c43be5885b5b02c992db
Figure 3,a,AIR-014_IASC_Reproducibility/end_to_end/out/expired_unarmed_cleanup/rep-1/ecrc/snapshots/cancelled_replay_no_dispatch/client.sqlite,data/input/s8/expired_unarmed_cleanup/rep-1/ecrc/cancelled_replay_no_dispatch/client.sqlite,"{""implementation"": ""ecrc"", ""phase"": ""cancelled_replay_no_dispatch"", ""rep"": 1, ""scenario"": ""expired_unarmed_cleanup""}",Direct counts/sums from copied SQLite state; all 2 implementations x 3 repetitions; no run selection.,saved observed checkpoint,e0cabf8e2eacc73e160d7b744fb0d9857ed2a7a87bc75ae0fccd98dad2bd98d9
Figure 3,a,AIR-014_IASC_Reproducibility/end_to_end/out/expired_unarmed_cleanup/rep-1/ecrc/snapshots/cancelled_replay_no_dispatch/sink.sqlite,data/input/s8/expired_unarmed_cleanup/rep-1/ecrc/cancelled_replay_no_dispatch/sink.sqlite,"{""implementation"": ""ecrc"", ""phase"": ""cancelled_replay_no_dispatch"", ""rep"": 1, ""scenario"": ""expired_unarmed_cleanup""}",Direct counts/sums from copied SQLite state; all 2 implementations x 3 repetitions; no run selection.,saved observed checkpoint,fdf40b13f9968f5955cae88ded8c21aef1ae4244e8a3c43be5885b5b02c992db
Figure 3,a,AIR-014_IASC_Reproducibility/end_to_end/out/expired_unarmed_cleanup/rep-1/ecrc/snapshots/released_budget_reused/client.sqlite,data/input/s8/expired_unarmed_cleanup/rep-1/ecrc/released_budget_reused/client.sqlite,"{""implementation"": ""ecrc"", ""phase"": ""released_budget_reused"", ""rep"": 1, ""scenario"": ""expired_unarmed_cleanup""}",Direct counts/sums from copied SQLite state; all 2 implementations x 3 repetitions; no run selection.,saved observed checkpoint,facd09f27f72cee46c1434fb859e94fefe445f335b6b4734f92bf55ef4f84913
Figure 3,a,AIR-014_IASC_Reproducibility/end_to_end/out/expired_unarmed_cleanup/rep-1/ecrc/snapshots/released_budget_reused/sink.sqlite,data/input/s8/expired_unarmed_cleanup/rep-1/ecrc/released_budget_reused/sink.sqlite,"{""implementation"": ""ecrc"", ""phase"": ""released_budget_reused"", ""rep"": 1, ""scenario"": ""expired_unarmed_cleanup""}",Direct counts/sums from copied SQLite state; all 2 implementations x 3 repetitions; no run selection.,saved observed checkpoint,9a2076d471cbb2d1bc72369820da80634f83d602b590649ff2c0e7446024aa08
Figure 3,a,AIR-014_IASC_Reproducibility/end_to_end/out/expired_unarmed_cleanup/rep-1/ecrc/snapshots/final/client.sqlite,data/input/s8/expired_unarmed_cleanup/rep-1/ecrc/final/client.sqlite,"{""implementation"": ""ecrc"", ""phase"": ""final"", ""rep"": 1, ""scenario"": ""expired_unarmed_cleanup""}",Direct counts/sums from copied SQLite state; all 2 implementations x 3 repetitions; no run selection.,saved observed checkpoint,facd09f27f72cee46c1434fb859e94fefe445f335b6b4734f92bf55ef4f84913
Figure 3,a,AIR-014_IASC_Reproducibility/end_to_end/out/expired_unarmed_cleanup/rep-1/ecrc/snapshots/final/sink.sqlite,data/input/s8/expired_unarmed_cleanup/rep-1/ecrc/final/sink.sqlite,"{""implementation"": ""ecrc"", ""phase"": ""final"", ""rep"": 1, ""scenario"": ""expired_unarmed_cleanup""}",Direct counts/sums from copied SQLite state; all 2 implementations x 3 repetitions; no run selection.,saved observed checkpoint,9a2076d471cbb2d1bc72369820da80634f83d602b590649ff2c0e7446024aa08
Figure 3,a,AIR-014_IASC_Reproducibility/end_to_end/out/expired_unarmed_cleanup/rep-1/ecrc/client.sqlite,data/input/s8/expired_unarmed_cleanup/rep-1/ecrc/current_final/client.sqlite,"{""implementation"": ""ecrc"", ""phase"": ""current_final"", ""rep"": 1, ""scenario"": ""expired_unarmed_cleanup""}",Direct counts/sums from copied SQLite state; all 2 implementations x 3 repetitions; no run selection.,saved observed final DB,f854885a562786f22f1b34d6b46bd91b156f42b1cfb0d744896796ed24ccb31c
Figure 3,a,AIR-014_IASC_Reproducibility/end_to_end/out/expired_unarmed_cleanup/rep-1/ecrc/sink.sqlite,data/input/s8/expired_unarmed_cleanup/rep-1/ecrc/current_final/sink.sqlite,"{""implementation"": ""ecrc"", ""phase"": ""current_final"", ""rep"": 1, ""scenario"": ""expired_unarmed_cleanup""}",Direct counts/sums from copied SQLite state; all 2 implementations x 3 repetitions; no run selection.,saved observed final DB,f247685badb7adf492e1e2d45d69a417aca658bda75c87de312ce91dec799ce2
Figure 3,a,AIR-014_IASC_Reproducibility/end_to_end/out/expired_unarmed_cleanup/rep-1/ordinary/snapshots/issued_unarmed_before_expiry/client.sqlite,data/input/s8/expired_unarmed_cleanup/rep-1/ordinary/issued_unarmed_before_expiry/client.sqlite,"{""implementation"": ""ordinary"", ""phase"": ""issued_unarmed_before_expiry"", ""rep"": 1, ""scenario"": ""expired_unarmed_cleanup""}",Direct counts/sums from copied SQLite state; all 2 implementations x 3 repetitions; no run selection.,saved observed checkpoint,0b4627bbbd5525576eeebdcf757ea98ace46fc124a0952b5dfb0925b383cc453
Figure 3,a,AIR-014_IASC_Reproducibility/end_to_end/out/expired_unarmed_cleanup/rep-1/ordinary/snapshots/issued_unarmed_before_expiry/sink.sqlite,data/input/s8/expired_unarmed_cleanup/rep-1/ordinary/issued_unarmed_before_expiry/sink.sqlite,"{""implementation"": ""ordinary"", ""phase"": ""issued_unarmed_before_expiry"", ""rep"": 1, ""scenario"": ""expired_unarmed_cleanup""}",Direct counts/sums from copied SQLite state; all 2 implementations x 3 repetitions; no run selection.,saved observed checkpoint,fdf40b13f9968f5955cae88ded8c21aef1ae4244e8a3c43be5885b5b02c992db
Figure 3,a,AIR-014_IASC_Reproducibility/end_to_end/out/expired_unarmed_cleanup/rep-1/ordinary/snapshots/expired_unarmed_cancelled/client.sqlite,data/input/s8/expired_unarmed_cleanup/rep-1/ordinary/expired_unarmed_cancelled/client.sqlite,"{""implementation"": ""ordinary"", ""phase"": ""expired_unarmed_cancelled"", ""rep"": 1, ""scenario"": ""expired_unarmed_cleanup""}",Direct counts/sums from copied SQLite state; all 2 implementations x 3 repetitions; no run selection.,saved observed checkpoint,a01fc5b1237219861999571f9f4bf7ce74296679e65a6d750a7d761c7f72c7f6
Figure 3,a,AIR-014_IASC_Reproducibility/end_to_end/out/expired_unarmed_cleanup/rep-1/ordinary/snapshots/expired_unarmed_cancelled/sink.sqlite,data/input/s8/expired_unarmed_cleanup/rep-1/ordinary/expired_unarmed_cancelled/sink.sqlite,"{""implementation"": ""ordinary"", ""phase"": ""expired_unarmed_cancelled"", ""rep"": 1, ""scenario"": ""expired_unarmed_cleanup""}",Direct counts/sums from copied SQLite state; all 2 implementations x 3 repetitions; no run selection.,saved observed checkpoint,fdf40b13f9968f5955cae88ded8c21aef1ae4244e8a3c43be5885b5b02c992db
Figure 3,a,AIR-014_IASC_Reproducibility/end_to_end/out/expired_unarmed_cleanup/rep-1/ordinary/snapshots/cancelled_replay_no_dispatch/client.sqlite,data/input/s8/expired_unarmed_cleanup/rep-1/ordinary/cancelled_replay_no_dispatch/client.sqlite,"{""implementation"": ""ordinary"", ""phase"": ""cancelled_replay_no_dispatch"", ""rep"": 1, ""scenario"": ""expired_unarmed_cleanup""}",Direct counts/sums from copied SQLite state; all 2 implementations x 3 repetitions; no run selection.,saved observed checkpoint,a01fc5b1237219861999571f9f4bf7ce74296679e65a6d750a7d761c7f72c7f6
Figure 3,a,AIR-014_IASC_Reproducibility/end_to_end/out/expired_unarmed_cleanup/rep-1/ordinary/snapshots/cancelled_replay_no_dispatch/sink.sqlite,data/input/s8/expired_unarmed_cleanup/rep-1/ordinary/cancelled_replay_no_dispatch/sink.sqlite,"{""implementation"": ""ordinary"", ""phase"": ""cancelled_replay_no_dispatch"", ""rep"": 1, ""scenario"": ""expired_unarmed_cleanup""}",Direct counts/sums from copied SQLite state; all 2 implementations x 3 repetitions; no run selection.,saved observed checkpoint,fdf40b13f9968f5955cae88ded8c21aef1ae4244e8a3c43be5885b5b02c992db
Figure 3,a,AIR-014_IASC_Reproducibility/end_to_end/out/expired_unarmed_cleanup/rep-1/ordinary/snapshots/released_budget_reused/client.sqlite,data/input/s8/expired_unarmed_cleanup/rep-1/ordinary/released_budget_reused/client.sqlite,"{""implementation"": ""ordinary"", ""phase"": ""released_budget_reused"", ""rep"": 1, ""scenario"": ""expired_unarmed_cleanup""}",Direct counts/sums from copied SQLite state; all 2 implementations x 3 repetitions; no run selection.,saved observed checkpoint,22676db82207a80d77498e07032b1620bb5e722de3301b0ff298486e0df1e5d4
Figure 3,a,AIR-014_IASC_Reproducibility/end_to_end/out/expired_unarmed_cleanup/rep-1/ordinary/snapshots/released_budget_reused/sink.sqlite,data/input/s8/expired_unarmed_cleanup/rep-1/ordinary/released_budget_reused/sink.sqlite,"{""implementation"": ""ordinary"", ""phase"": ""released_budget_reused"", ""rep"": 1, ""scenario"": ""expired_unarmed_cleanup""}",Direct counts/sums from copied SQLite state; all 2 implementations x 3 repetitions; no run selection.,saved observed checkpoint,2b3f2f2451d8c9c2689aa6d324683106969b14fef6ef23dd9901a6f5b0ac3545
Figure 3,a,AIR-014_IASC_Reproducibility/end_to_end/out/expired_unarmed_cleanup/rep-1/ordinary/snapshots/final/client.sqlite,data/input/s8/expired_unarmed_cleanup/rep-1/ordinary/final/client.sqlite,"{""implementation"": ""ordinary"", ""phase"": ""final"", ""rep"": 1, ""scenario"": ""expired_unarmed_cleanup""}",Direct counts/sums from copied SQLite state; all 2 implementations x 3 repetitions; no run selection.,saved observed checkpoint,22676db82207a80d77498e07032b1620bb5e722de3301b0ff298486e0df1e5d4
Figure 3,a,AIR-014_IASC_Reproducibility/end_to_end/out/expired_unarmed_cleanup/rep-1/ordinary/snapshots/final/sink.sqlite,data/input/s8/expired_unarmed_cleanup/rep-1/ordinary/final/sink.sqlite,"{""implementation"": ""ordinary"", ""phase"": ""final"", ""rep"": 1, ""scenario"": ""expired_unarmed_cleanup""}",Direct counts/sums from copied SQLite state; all 2 implementations x 3 repetitions; no run selection.,saved observed checkpoint,2b3f2f2451d8c9c2689aa6d324683106969b14fef6ef23dd9901a6f5b0ac3545
Figure 3,a,AIR-014_IASC_Reproducibility/end_to_end/out/expired_unarmed_cleanup/rep-1/ordinary/client.sqlite,data/input/s8/expired_unarmed_cleanup/rep-1/ordinary/current_final/client.sqlite,"{""implementation"": ""ordinary"", ""phase"": ""current_final"", ""rep"": 1, ""scenario"": ""expired_unarmed_cleanup""}",Direct counts/sums from copied SQLite state; all 2 implementations x 3 repetitions; no run selection.,saved observed final DB,fd74e9552e00c46bbb94308b890a43d1f930c213a785790fafae0d25326d160d
Figure 3,a,AIR-014_IASC_Reproducibility/end_to_end/out/expired_unarmed_cleanup/rep-1/ordinary/sink.sqlite,data/input/s8/expired_unarmed_cleanup/rep-1/ordinary/current_final/sink.sqlite,"{""implementation"": ""ordinary"", ""phase"": ""current_final"", ""rep"": 1, ""scenario"": ""expired_unarmed_cleanup""}",Direct counts/sums from copied SQLite state; all 2 implementations x 3 repetitions; no run selection.,saved observed final DB,a31886e79ac519a4ae56ac317451d4c7a7ca1842ebcb771e47d0a92061d84e79
Figure 3,a,AIR-014_IASC_Reproducibility/end_to_end/out/expired_unarmed_cleanup/rep-2/ecrc/snapshots/issued_unarmed_before_expiry/client.sqlite,data/input/s8/expired_unarmed_cleanup/rep-2/ecrc/issued_unarmed_before_expiry/client.sqlite,"{""implementation"": ""ecrc"", ""phase"": ""issued_unarmed_before_expiry"", ""rep"": 2, ""scenario"": ""expired_unarmed_cleanup""}",Direct counts/sums from copied SQLite state; all 2 implementations x 3 repetitions; no run selection.,saved observed checkpoint,b398d09d784f1a35e85dcf0ae932d30fd11fe72b1ae12e2e43099dd5fefb6bcc
Figure 3,a,AIR-014_IASC_Reproducibility/end_to_end/out/expired_unarmed_cleanup/rep-2/ecrc/snapshots/issued_unarmed_before_expiry/sink.sqlite,data/input/s8/expired_unarmed_cleanup/rep-2/ecrc/issued_unarmed_before_expiry/sink.sqlite,"{""implementation"": ""ecrc"", ""phase"": ""issued_unarmed_before_expiry"", ""rep"": 2, ""scenario"": ""expired_unarmed_cleanup""}",Direct counts/sums from copied SQLite state; all 2 implementations x 3 repetitions; no run selection.,saved observed checkpoint,fdf40b13f9968f5955cae88ded8c21aef1ae4244e8a3c43be5885b5b02c992db
Figure 3,a,AIR-014_IASC_Reproducibility/end_to_end/out/expired_unarmed_cleanup/rep-2/ecrc/snapshots/expired_unarmed_cancelled/client.sqlite,data/input/s8/expired_unarmed_cleanup/rep-2/ecrc/expired_unarmed_cancelled/client.sqlite,"{""implementation"": ""ecrc"", ""phase"": ""expired_unarmed_cancelled"", ""rep"": 2, ""scenario"": ""expired_unarmed_cleanup""}",Direct counts/sums from copied SQLite state; all 2 implementations x 3 repetitions; no run selection.,saved observed checkpoint,e0cabf8e2eacc73e160d7b744fb0d9857ed2a7a87bc75ae0fccd98dad2bd98d9
Figure 3,a,AIR-014_IASC_Reproducibility/end_to_end/out/expired_unarmed_cleanup/rep-2/ecrc/snapshots/expired_unarmed_cancelled/sink.sqlite,data/input/s8/expired_unarmed_cleanup/rep-2/ecrc/expired_unarmed_cancelled/sink.sqlite,"{""implementation"": ""ecrc"", ""phase"": ""expired_unarmed_cancelled"", ""rep"": 2, ""scenario"": ""expired_unarmed_cleanup""}",Direct counts/sums from copied SQLite state; all 2 implementations x 3 repetitions; no run selection.,saved observed checkpoint,fdf40b13f9968f5955cae88ded8c21aef1ae4244e8a3c43be5885b5b02c992db
Figure 3,a,AIR-014_IASC_Reproducibility/end_to_end/out/expired_unarmed_cleanup/rep-2/ecrc/snapshots/cancelled_replay_no_dispatch/client.sqlite,data/input/s8/expired_unarmed_cleanup/rep-2/ecrc/cancelled_replay_no_dispatch/client.sqlite,"{""implementation"": ""ecrc"", ""phase"": ""cancelled_replay_no_dispatch"", ""rep"": 2, ""scenario"": ""expired_unarmed_cleanup""}",Direct counts/sums from copied SQLite state; all 2 implementations x 3 repetitions; no run selection.,saved observed checkpoint,e0cabf8e2eacc73e160d7b744fb0d9857ed2a7a87bc75ae0fccd98dad2bd98d9
Figure 3,a,AIR-014_IASC_Reproducibility/end_to_end/out/expired_unarmed_cleanup/rep-2/ecrc/snapshots/cancelled_replay_no_dispatch/sink.sqlite,data/input/s8/expired_unarmed_cleanup/rep-2/ecrc/cancelled_replay_no_dispatch/sink.sqlite,"{""implementation"": ""ecrc"", ""phase"": ""cancelled_replay_no_dispatch"", ""rep"": 2, ""scenario"": ""expired_unarmed_cleanup""}",Direct counts/sums from copied SQLite state; all 2 implementations x 3 repetitions; no run selection.,saved observed checkpoint,fdf40b13f9968f5955cae88ded8c21aef1ae4244e8a3c43be5885b5b02c992db
Figure 3,a,AIR-014_IASC_Reproducibility/end_to_end/out/expired_unarmed_cleanup/rep-2/ecrc/snapshots/released_budget_reused/client.sqlite,data/input/s8/expired_unarmed_cleanup/rep-2/ecrc/released_budget_reused/client.sqlite,"{""implementation"": ""ecrc"", ""phase"": ""released_budget_reused"", ""rep"": 2, ""scenario"": ""expired_unarmed_cleanup""}",Direct counts/sums from copied SQLite state; all 2 implementations x 3 repetitions; no run selection.,saved observed checkpoint,08c9578471361db325ea8e5087928fa47e26054b5c7a1d858bb42747faf6435b
Figure 3,a,AIR-014_IASC_Reproducibility/end_to_end/out/expired_unarmed_cleanup/rep-2/ecrc/snapshots/released_budget_reused/sink.sqlite,data/input/s8/expired_unarmed_cleanup/rep-2/ecrc/released_budget_reused/sink.sqlite,"{""implementation"": ""ecrc"", ""phase"": ""released_budget_reused"", ""rep"": 2, ""scenario"": ""expired_unarmed_cleanup""}",Direct counts/sums from copied SQLite state; all 2 implementations x 3 repetitions; no run selection.,saved observed checkpoint,95b624fe85bdbff846c02a2ef25bf66815d79470af89239194d537156bd80348
Figure 3,a,AIR-014_IASC_Reproducibility/end_to_end/out/expired_unarmed_cleanup/rep-2/ecrc/snapshots/final/client.sqlite,data/input/s8/expired_unarmed_cleanup/rep-2/ecrc/final/client.sqlite,"{""implementation"": ""ecrc"", ""phase"": ""final"", ""rep"": 2, ""scenario"": ""expired_unarmed_cleanup""}",Direct counts/sums from copied SQLite state; all 2 implementations x 3 repetitions; no run selection.,saved observed checkpoint,08c9578471361db325ea8e5087928fa47e26054b5c7a1d858bb42747faf6435b
Figure 3,a,AIR-014_IASC_Reproducibility/end_to_end/out/expired_unarmed_cleanup/rep-2/ecrc/snapshots/final/sink.sqlite,data/input/s8/expired_unarmed_cleanup/rep-2/ecrc/final/sink.sqlite,"{""implementation"": ""ecrc"", ""phase"": ""final"", ""rep"": 2, ""scenario"": ""expired_unarmed_cleanup""}",Direct counts/sums from copied SQLite state; all 2 implementations x 3 repetitions; no run selection.,saved observed checkpoint,95b624fe85bdbff846c02a2ef25bf66815d79470af89239194d537156bd80348
Figure 3,a,AIR-014_IASC_Reproducibility/end_to_end/out/expired_unarmed_cleanup/rep-2/ecrc/client.sqlite,data/input/s8/expired_unarmed_cleanup/rep-2/ecrc/current_final/client.sqlite,"{""implementation"": ""ecrc"", ""phase"": ""current_final"", ""rep"": 2, ""scenario"": ""expired_unarmed_cleanup""}",Direct counts/sums from copied SQLite state; all 2 implementations x 3 repetitions; no run selection.,saved observed final DB,def07015ede82b5becaa0753294713e392a4b0b1588546e0b3f91016d93caf67
Figure 3,a,AIR-014_IASC_Reproducibility/end_to_end/out/expired_unarmed_cleanup/rep-2/ecrc/sink.sqlite,data/input/s8/expired_unarmed_cleanup/rep-2/ecrc/current_final/sink.sqlite,"{""implementation"": ""ecrc"", ""phase"": ""current_final"", ""rep"": 2, ""scenario"": ""expired_unarmed_cleanup""}",Direct counts/sums from copied SQLite state; all 2 implementations x 3 repetitions; no run selection.,saved observed final DB,61946051c1d252b507d30e73bfb683c0706c7c0082ed84398c85064363df15cd
Figure 3,a,AIR-014_IASC_Reproducibility/end_to_end/out/expired_unarmed_cleanup/rep-2/ordinary/snapshots/issued_unarmed_before_expiry/client.sqlite,data/input/s8/expired_unarmed_cleanup/rep-2/ordinary/issued_unarmed_before_expiry/client.sqlite,"{""implementation"": ""ordinary"", ""phase"": ""issued_unarmed_before_expiry"", ""rep"": 2, ""scenario"": ""expired_unarmed_cleanup""}",Direct counts/sums from copied SQLite state; all 2 implementations x 3 repetitions; no run selection.,saved observed checkpoint,0b4627bbbd5525576eeebdcf757ea98ace46fc124a0952b5dfb0925b383cc453
Figure 3,a,AIR-014_IASC_Reproducibility/end_to_end/out/expired_unarmed_cleanup/rep-2/ordinary/snapshots/issued_unarmed_before_expiry/sink.sqlite,data/input/s8/expired_unarmed_cleanup/rep-2/ordinary/issued_unarmed_before_expiry/sink.sqlite,"{""implementation"": ""ordinary"", ""phase"": ""issued_unarmed_before_expiry"", ""rep"": 2, ""scenario"": ""expired_unarmed_cleanup""}",Direct counts/sums from copied SQLite state; all 2 implementations x 3 repetitions; no run selection.,saved observed checkpoint,fdf40b13f9968f5955cae88ded8c21aef1ae4244e8a3c43be5885b5b02c992db
Figure 3,a,AIR-014_IASC_Reproducibility/end_to_end/out/expired_unarmed_cleanup/rep-2/ordinary/snapshots/expired_unarmed_cancelled/client.sqlite,data/input/s8/expired_unarmed_cleanup/rep-2/ordinary/expired_unarmed_cancelled/client.sqlite,"{""implementation"": ""ordinary"", ""phase"": ""expired_unarmed_cancelled"", ""rep"": 2, ""scenario"": ""expired_unarmed_cleanup""}",Direct counts/sums from copied SQLite state; all 2 implementations x 3 repetitions; no run selection.,saved observed checkpoint,a01fc5b1237219861999571f9f4bf7ce74296679e65a6d750a7d761c7f72c7f6
Figure 3,a,AIR-014_IASC_Reproducibility/end_to_end/out/expired_unarmed_cleanup/rep-2/ordinary/snapshots/expired_unarmed_cancelled/sink.sqlite,data/input/s8/expired_unarmed_cleanup/rep-2/ordinary/expired_unarmed_cancelled/sink.sqlite,"{""implementation"": ""ordinary"", ""phase"": ""expired_unarmed_cancelled"", ""rep"": 2, ""scenario"": ""expired_unarmed_cleanup""}",Direct counts/sums from copied SQLite state; all 2 implementations x 3 repetitions; no run selection.,saved observed checkpoint,fdf40b13f9968f5955cae88ded8c21aef1ae4244e8a3c43be5885b5b02c992db
Figure 3,a,AIR-014_IASC_Reproducibility/end_to_end/out/expired_unarmed_cleanup/rep-2/ordinary/snapshots/cancelled_replay_no_dispatch/client.sqlite,data/input/s8/expired_unarmed_cleanup/rep-2/ordinary/cancelled_replay_no_dispatch/client.sqlite,"{""implementation"": ""ordinary"", ""phase"": ""cancelled_replay_no_dispatch"", ""rep"": 2, ""scenario"": ""expired_unarmed_cleanup""}",Direct counts/sums from copied SQLite state; all 2 implementations x 3 repetitions; no run selection.,saved observed checkpoint,a01fc5b1237219861999571f9f4bf7ce74296679e65a6d750a7d761c7f72c7f6
Figure 3,a,AIR-014_IASC_Reproducibility/end_to_end/out/expired_unarmed_cleanup/rep-2/ordinary/snapshots/cancelled_replay_no_dispatch/sink.sqlite,data/input/s8/expired_unarmed_cleanup/rep-2/ordinary/cancelled_replay_no_dispatch/sink.sqlite,"{""implementation"": ""ordinary"", ""phase"": ""cancelled_replay_no_dispatch"", ""rep"": 2, ""scenario"": ""expired_unarmed_cleanup""}",Direct counts/sums from copied SQLite state; all 2 implementations x 3 repetitions; no run selection.,saved observed checkpoint,fdf40b13f9968f5955cae88ded8c21aef1ae4244e8a3c43be5885b5b02c992db
Figure 3,a,AIR-014_IASC_Reproducibility/end_to_end/out/expired_unarmed_cleanup/rep-2/ordinary/snapshots/released_budget_reused/client.sqlite,data/input/s8/expired_unarmed_cleanup/rep-2/ordinary/released_budget_reused/client.sqlite,"{""implementation"": ""ordinary"", ""phase"": ""released_budget_reused"", ""rep"": 2, ""scenario"": ""expired_unarmed_cleanup""}",Direct counts/sums from copied SQLite state; all 2 implementations x 3 repetitions; no run selection.,saved observed checkpoint,fc7f958fb6741ece3de782ec1780853a1ecbaa3c35bfbc83f592aa1d185dd334
Figure 3,a,AIR-014_IASC_Reproducibility/end_to_end/out/expired_unarmed_cleanup/rep-2/ordinary/snapshots/released_budget_reused/sink.sqlite,data/input/s8/expired_unarmed_cleanup/rep-2/ordinary/released_budget_reused/sink.sqlite,"{""implementation"": ""ordinary"", ""phase"": ""released_budget_reused"", ""rep"": 2, ""scenario"": ""expired_unarmed_cleanup""}",Direct counts/sums from copied SQLite state; all 2 implementations x 3 repetitions; no run selection.,saved observed checkpoint,b0c5ac33dd5bddeb9f4da54d6da8b5d51c708660af330857d95acfb2a0fe7187
Figure 3,a,AIR-014_IASC_Reproducibility/end_to_end/out/expired_unarmed_cleanup/rep-2/ordinary/snapshots/final/client.sqlite,data/input/s8/expired_unarmed_cleanup/rep-2/ordinary/final/client.sqlite,"{""implementation"": ""ordinary"", ""phase"": ""final"", ""rep"": 2, ""scenario"": ""expired_unarmed_cleanup""}",Direct counts/sums from copied SQLite state; all 2 implementations x 3 repetitions; no run selection.,saved observed checkpoint,fc7f958fb6741ece3de782ec1780853a1ecbaa3c35bfbc83f592aa1d185dd334
Figure 3,a,AIR-014_IASC_Reproducibility/end_to_end/out/expired_unarmed_cleanup/rep-2/ordinary/snapshots/final/sink.sqlite,data/input/s8/expired_unarmed_cleanup/rep-2/ordinary/final/sink.sqlite,"{""implementation"": ""ordinary"", ""phase"": ""final"", ""rep"": 2, ""scenario"": ""expired_unarmed_cleanup""}",Direct counts/sums from copied SQLite state; all 2 implementations x 3 repetitions; no run selection.,saved observed checkpoint,b0c5ac33dd5bddeb9f4da54d6da8b5d51c708660af330857d95acfb2a0fe7187
Figure 3,a,AIR-014_IASC_Reproducibility/end_to_end/out/expired_unarmed_cleanup/rep-2/ordinary/client.sqlite,data/input/s8/expired_unarmed_cleanup/rep-2/ordinary/current_final/client.sqlite,"{""implementation"": ""ordinary"", ""phase"": ""current_final"", ""rep"": 2, ""scenario"": ""expired_unarmed_cleanup""}",Direct counts/sums from copied SQLite state; all 2 implementations x 3 repetitions; no run selection.,saved observed final DB,70878bd40e2fc4a70899ee612734caf83097e9045c30bc688d30022699a3ab5a
Figure 3,a,AIR-014_IASC_Reproducibility/end_to_end/out/expired_unarmed_cleanup/rep-2/ordinary/sink.sqlite,data/input/s8/expired_unarmed_cleanup/rep-2/ordinary/current_final/sink.sqlite,"{""implementation"": ""ordinary"", ""phase"": ""current_final"", ""rep"": 2, ""scenario"": ""expired_unarmed_cleanup""}",Direct counts/sums from copied SQLite state; all 2 implementations x 3 repetitions; no run selection.,saved observed final DB,132b72b92b8edd6c99247880771b910e234666c89700bba54dfa12a17112a96a
Figure 3,b,AIR-014_IASC_Reproducibility/end_to_end/out/accepted_timeout_cleanup_recovery/rep-0/ecrc/snapshots/sink_committed_client_timed_out/client.sqlite,data/input/s8/accepted_timeout_cleanup_recovery/rep-0/ecrc/sink_committed_client_timed_out/client.sqlite,"{""implementation"": ""ecrc"", ""phase"": ""sink_committed_client_timed_out"", ""rep"": 0, ""scenario"": ""accepted_timeout_cleanup_recovery""}",Direct counts/sums from copied SQLite state; all 2 implementations x 3 repetitions; no run selection.,saved observed checkpoint,f0377a927231c1e0bc3b5bd0597d4eff7536aa82b19554bb7112fc61bc794a24
Figure 3,b,AIR-014_IASC_Reproducibility/end_to_end/out/accepted_timeout_cleanup_recovery/rep-0/ecrc/snapshots/sink_committed_client_timed_out/sink.sqlite,data/input/s8/accepted_timeout_cleanup_recovery/rep-0/ecrc/sink_committed_client_timed_out/sink.sqlite,"{""implementation"": ""ecrc"", ""phase"": ""sink_committed_client_timed_out"", ""rep"": 0, ""scenario"": ""accepted_timeout_cleanup_recovery""}",Direct counts/sums from copied SQLite state; all 2 implementations x 3 repetitions; no run selection.,saved observed checkpoint,47ffc802ffc50c5dc324a91e41cfa4fde726a6252b5115af8b3301bc1d893253
Figure 3,b,AIR-014_IASC_Reproducibility/end_to_end/out/accepted_timeout_cleanup_recovery/rep-0/ecrc/snapshots/cleanup_retained_unknown_grant/client.sqlite,data/input/s8/accepted_timeout_cleanup_recovery/rep-0/ecrc/cleanup_retained_unknown_grant/client.sqlite,"{""implementation"": ""ecrc"", ""phase"": ""cleanup_retained_unknown_grant"", ""rep"": 0, ""scenario"": ""accepted_timeout_cleanup_recovery""}",Direct counts/sums from copied SQLite state; all 2 implementations x 3 repetitions; no run selection.,saved observed checkpoint,f0377a927231c1e0bc3b5bd0597d4eff7536aa82b19554bb7112fc61bc794a24
Figure 3,b,AIR-014_IASC_Reproducibility/end_to_end/out/accepted_timeout_cleanup_recovery/rep-0/ecrc/snapshots/cleanup_retained_unknown_grant/sink.sqlite,data/input/s8/accepted_timeout_cleanup_recovery/rep-0/ecrc/cleanup_retained_unknown_grant/sink.sqlite,"{""implementation"": ""ecrc"", ""phase"": ""cleanup_retained_unknown_grant"", ""rep"": 0, ""scenario"": ""accepted_timeout_cleanup_recovery""}",Direct counts/sums from copied SQLite state; all 2 implementations x 3 repetitions; no run selection.,saved observed checkpoint,47ffc802ffc50c5dc324a91e41cfa4fde726a6252b5115af8b3301bc1d893253
Figure 3,b,AIR-014_IASC_Reproducibility/end_to_end/out/accepted_timeout_cleanup_recovery/rep-0/ecrc/snapshots/after_unknown_recovery_competition/client.sqlite,data/input/s8/accepted_timeout_cleanup_recovery/rep-0/ecrc/after_unknown_recovery_competition/client.sqlite,"{""implementation"": ""ecrc"", ""phase"": ""after_unknown_recovery_competition"", ""rep"": 0, ""scenario"": ""accepted_timeout_cleanup_recovery""}",Direct counts/sums from copied SQLite state; all 2 implementations x 3 repetitions; no run selection.,saved observed checkpoint,c0f2f740df8a52765b810d6074bc4675246528e88ec09b08591db7d587ee15f4
Figure 3,b,AIR-014_IASC_Reproducibility/end_to_end/out/accepted_timeout_cleanup_recovery/rep-0/ecrc/snapshots/after_unknown_recovery_competition/sink.sqlite,data/input/s8/accepted_timeout_cleanup_recovery/rep-0/ecrc/after_unknown_recovery_competition/sink.sqlite,"{""implementation"": ""ecrc"", ""phase"": ""after_unknown_recovery_competition"", ""rep"": 0, ""scenario"": ""accepted_timeout_cleanup_recovery""}",Direct counts/sums from copied SQLite state; all 2 implementations x 3 repetitions; no run selection.,saved observed checkpoint,0982e5a54012f50cb4910c48f9e33c801e5a442a3f297a003eaf393d8ba67822
Figure 3,b,AIR-014_IASC_Reproducibility/end_to_end/out/accepted_timeout_cleanup_recovery/rep-0/ecrc/snapshots/final/client.sqlite,data/input/s8/accepted_timeout_cleanup_recovery/rep-0/ecrc/final/client.sqlite,"{""implementation"": ""ecrc"", ""phase"": ""final"", ""rep"": 0, ""scenario"": ""accepted_timeout_cleanup_recovery""}",Direct counts/sums from copied SQLite state; all 2 implementations x 3 repetitions; no run selection.,saved observed checkpoint,c0f2f740df8a52765b810d6074bc4675246528e88ec09b08591db7d587ee15f4
Figure 3,b,AIR-014_IASC_Reproducibility/end_to_end/out/accepted_timeout_cleanup_recovery/rep-0/ecrc/snapshots/final/sink.sqlite,data/input/s8/accepted_timeout_cleanup_recovery/rep-0/ecrc/final/sink.sqlite,"{""implementation"": ""ecrc"", ""phase"": ""final"", ""rep"": 0, ""scenario"": ""accepted_timeout_cleanup_recovery""}",Direct counts/sums from copied SQLite state; all 2 implementations x 3 repetitions; no run selection.,saved observed checkpoint,0982e5a54012f50cb4910c48f9e33c801e5a442a3f297a003eaf393d8ba67822
Figure 3,b,AIR-014_IASC_Reproducibility/end_to_end/out/accepted_timeout_cleanup_recovery/rep-0/ecrc/client.sqlite,data/input/s8/accepted_timeout_cleanup_recovery/rep-0/ecrc/current_final/client.sqlite,"{""implementation"": ""ecrc"", ""phase"": ""current_final"", ""rep"": 0, ""scenario"": ""accepted_timeout_cleanup_recovery""}",Direct counts/sums from copied SQLite state; all 2 implementations x 3 repetitions; no run selection.,saved observed final DB,9a9c683545a544c57615edff76d854c109db1d7733bcd1857d2c939092e76781
Figure 3,b,AIR-014_IASC_Reproducibility/end_to_end/out/accepted_timeout_cleanup_recovery/rep-0/ecrc/sink.sqlite,data/input/s8/accepted_timeout_cleanup_recovery/rep-0/ecrc/current_final/sink.sqlite,"{""implementation"": ""ecrc"", ""phase"": ""current_final"", ""rep"": 0, ""scenario"": ""accepted_timeout_cleanup_recovery""}",Direct counts/sums from copied SQLite state; all 2 implementations x 3 repetitions; no run selection.,saved observed final DB,de6c0589eb5c4abe337177164a27539c09aca3a79dc9733a6be9938f73be6349
Figure 3,b,AIR-014_IASC_Reproducibility/end_to_end/out/accepted_timeout_cleanup_recovery/rep-0/ordinary/snapshots/sink_committed_client_timed_out/client.sqlite,data/input/s8/accepted_timeout_cleanup_recovery/rep-0/ordinary/sink_committed_client_timed_out/client.sqlite,"{""implementation"": ""ordinary"", ""phase"": ""sink_committed_client_timed_out"", ""rep"": 0, ""scenario"": ""accepted_timeout_cleanup_recovery""}",Direct counts/sums from copied SQLite state; all 2 implementations x 3 repetitions; no run selection.,saved observed checkpoint,59fb36a71074d790a85e4c5959e31395254d95a3e80867c610cd856c25979997
Figure 3,b,AIR-014_IASC_Reproducibility/end_to_end/out/accepted_timeout_cleanup_recovery/rep-0/ordinary/snapshots/sink_committed_client_timed_out/sink.sqlite,data/input/s8/accepted_timeout_cleanup_recovery/rep-0/ordinary/sink_committed_client_timed_out/sink.sqlite,"{""implementation"": ""ordinary"", ""phase"": ""sink_committed_client_timed_out"", ""rep"": 0, ""scenario"": ""accepted_timeout_cleanup_recovery""}",Direct counts/sums from copied SQLite state; all 2 implementations x 3 repetitions; no run selection.,saved observed checkpoint,9f357869a52fa6d798172fb258e57f5f4d768a8e292506f181addade95080364
Figure 3,b,AIR-014_IASC_Reproducibility/end_to_end/out/accepted_timeout_cleanup_recovery/rep-0/ordinary/snapshots/cleanup_retained_unknown_grant/client.sqlite,data/input/s8/accepted_timeout_cleanup_recovery/rep-0/ordinary/cleanup_retained_unknown_grant/client.sqlite,"{""implementation"": ""ordinary"", ""phase"": ""cleanup_retained_unknown_grant"", ""rep"": 0, ""scenario"": ""accepted_timeout_cleanup_recovery""}",Direct counts/sums from copied SQLite state; all 2 implementations x 3 repetitions; no run selection.,saved observed checkpoint,59fb36a71074d790a85e4c5959e31395254d95a3e80867c610cd856c25979997
Figure 3,b,AIR-014_IASC_Reproducibility/end_to_end/out/accepted_timeout_cleanup_recovery/rep-0/ordinary/snapshots/cleanup_retained_unknown_grant/sink.sqlite,data/input/s8/accepted_timeout_cleanup_recovery/rep-0/ordinary/cleanup_retained_unknown_grant/sink.sqlite,"{""implementation"": ""ordinary"", ""phase"": ""cleanup_retained_unknown_grant"", ""rep"": 0, ""scenario"": ""accepted_timeout_cleanup_recovery""}",Direct counts/sums from copied SQLite state; all 2 implementations x 3 repetitions; no run selection.,saved observed checkpoint,9f357869a52fa6d798172fb258e57f5f4d768a8e292506f181addade95080364
Figure 3,b,AIR-014_IASC_Reproducibility/end_to_end/out/accepted_timeout_cleanup_recovery/rep-0/ordinary/snapshots/after_unknown_recovery_competition/client.sqlite,data/input/s8/accepted_timeout_cleanup_recovery/rep-0/ordinary/after_unknown_recovery_competition/client.sqlite,"{""implementation"": ""ordinary"", ""phase"": ""after_unknown_recovery_competition"", ""rep"": 0, ""scenario"": ""accepted_timeout_cleanup_recovery""}",Direct counts/sums from copied SQLite state; all 2 implementations x 3 repetitions; no run selection.,saved observed checkpoint,34e7ffb6b91d09a21c7eaf2952f9049d80158c283d52c736d39289bb0c1d7d9e
Figure 3,b,AIR-014_IASC_Reproducibility/end_to_end/out/accepted_timeout_cleanup_recovery/rep-0/ordinary/snapshots/after_unknown_recovery_competition/sink.sqlite,data/input/s8/accepted_timeout_cleanup_recovery/rep-0/ordinary/after_unknown_recovery_competition/sink.sqlite,"{""implementation"": ""ordinary"", ""phase"": ""after_unknown_recovery_competition"", ""rep"": 0, ""scenario"": ""accepted_timeout_cleanup_recovery""}",Direct counts/sums from copied SQLite state; all 2 implementations x 3 repetitions; no run selection.,saved observed checkpoint,739e0fd8c275b27774de75878c6c0df59a3e3eb01a240cdf745f4b4d0ba9f42d
Figure 3,b,AIR-014_IASC_Reproducibility/end_to_end/out/accepted_timeout_cleanup_recovery/rep-0/ordinary/snapshots/final/client.sqlite,data/input/s8/accepted_timeout_cleanup_recovery/rep-0/ordinary/final/client.sqlite,"{""implementation"": ""ordinary"", ""phase"": ""final"", ""rep"": 0, ""scenario"": ""accepted_timeout_cleanup_recovery""}",Direct counts/sums from copied SQLite state; all 2 implementations x 3 repetitions; no run selection.,saved observed checkpoint,34e7ffb6b91d09a21c7eaf2952f9049d80158c283d52c736d39289bb0c1d7d9e
Figure 3,b,AIR-014_IASC_Reproducibility/end_to_end/out/accepted_timeout_cleanup_recovery/rep-0/ordinary/snapshots/final/sink.sqlite,data/input/s8/accepted_timeout_cleanup_recovery/rep-0/ordinary/final/sink.sqlite,"{""implementation"": ""ordinary"", ""phase"": ""final"", ""rep"": 0, ""scenario"": ""accepted_timeout_cleanup_recovery""}",Direct counts/sums from copied SQLite state; all 2 implementations x 3 repetitions; no run selection.,saved observed checkpoint,739e0fd8c275b27774de75878c6c0df59a3e3eb01a240cdf745f4b4d0ba9f42d
Figure 3,b,AIR-014_IASC_Reproducibility/end_to_end/out/accepted_timeout_cleanup_recovery/rep-0/ordinary/client.sqlite,data/input/s8/accepted_timeout_cleanup_recovery/rep-0/ordinary/current_final/client.sqlite,"{""implementation"": ""ordinary"", ""phase"": ""current_final"", ""rep"": 0, ""scenario"": ""accepted_timeout_cleanup_recovery""}",Direct counts/sums from copied SQLite state; all 2 implementations x 3 repetitions; no run selection.,saved observed final DB,6dac48de1046f0593b77a12234ef886184a99f09c79a33b1f034e102da2799fc
Figure 3,b,AIR-014_IASC_Reproducibility/end_to_end/out/accepted_timeout_cleanup_recovery/rep-0/ordinary/sink.sqlite,data/input/s8/accepted_timeout_cleanup_recovery/rep-0/ordinary/current_final/sink.sqlite,"{""implementation"": ""ordinary"", ""phase"": ""current_final"", ""rep"": 0, ""scenario"": ""accepted_timeout_cleanup_recovery""}",Direct counts/sums from copied SQLite state; all 2 implementations x 3 repetitions; no run selection.,saved observed final DB,e5bc25146ebbfca0699a4727db5bbf012c546f64d8e6249fa3bd3f911f1aaf48
Figure 3,b,AIR-014_IASC_Reproducibility/end_to_end/out/accepted_timeout_cleanup_recovery/rep-1/ecrc/snapshots/sink_committed_client_timed_out/client.sqlite,data/input/s8/accepted_timeout_cleanup_recovery/rep-1/ecrc/sink_committed_client_timed_out/client.sqlite,"{""implementation"": ""ecrc"", ""phase"": ""sink_committed_client_timed_out"", ""rep"": 1, ""scenario"": ""accepted_timeout_cleanup_recovery""}",Direct counts/sums from copied SQLite state; all 2 implementations x 3 repetitions; no run selection.,saved observed checkpoint,f0377a927231c1e0bc3b5bd0597d4eff7536aa82b19554bb7112fc61bc794a24
Figure 3,b,AIR-014_IASC_Reproducibility/end_to_end/out/accepted_timeout_cleanup_recovery/rep-1/ecrc/snapshots/sink_committed_client_timed_out/sink.sqlite,data/input/s8/accepted_timeout_cleanup_recovery/rep-1/ecrc/sink_committed_client_timed_out/sink.sqlite,"{""implementation"": ""ecrc"", ""phase"": ""sink_committed_client_timed_out"", ""rep"": 1, ""scenario"": ""accepted_timeout_cleanup_recovery""}",Direct counts/sums from copied SQLite state; all 2 implementations x 3 repetitions; no run selection.,saved observed checkpoint,701c33ac31284d8084ee5c32682b6a69d46b81935803bc613aa608c810f276ae
Figure 3,b,AIR-014_IASC_Reproducibility/end_to_end/out/accepted_timeout_cleanup_recovery/rep-1/ecrc/snapshots/cleanup_retained_unknown_grant/client.sqlite,data/input/s8/accepted_timeout_cleanup_recovery/rep-1/ecrc/cleanup_retained_unknown_grant/client.sqlite,"{""implementation"": ""ecrc"", ""phase"": ""cleanup_retained_unknown_grant"", ""rep"": 1, ""scenario"": ""accepted_timeout_cleanup_recovery""}",Direct counts/sums from copied SQLite state; all 2 implementations x 3 repetitions; no run selection.,saved observed checkpoint,f0377a927231c1e0bc3b5bd0597d4eff7536aa82b19554bb7112fc61bc794a24
Figure 3,b,AIR-014_IASC_Reproducibility/end_to_end/out/accepted_timeout_cleanup_recovery/rep-1/ecrc/snapshots/cleanup_retained_unknown_grant/sink.sqlite,data/input/s8/accepted_timeout_cleanup_recovery/rep-1/ecrc/cleanup_retained_unknown_grant/sink.sqlite,"{""implementation"": ""ecrc"", ""phase"": ""cleanup_retained_unknown_grant"", ""rep"": 1, ""scenario"": ""accepted_timeout_cleanup_recovery""}",Direct counts/sums from copied SQLite state; all 2 implementations x 3 repetitions; no run selection.,saved observed checkpoint,701c33ac31284d8084ee5c32682b6a69d46b81935803bc613aa608c810f276ae
Figure 3,b,AIR-014_IASC_Reproducibility/end_to_end/out/accepted_timeout_cleanup_recovery/rep-1/ecrc/snapshots/after_unknown_recovery_competition/client.sqlite,data/input/s8/accepted_timeout_cleanup_recovery/rep-1/ecrc/after_unknown_recovery_competition/client.sqlite,"{""implementation"": ""ecrc"", ""phase"": ""after_unknown_recovery_competition"", ""rep"": 1, ""scenario"": ""accepted_timeout_cleanup_recovery""}",Direct counts/sums from copied SQLite state; all 2 implementations x 3 repetitions; no run selection.,saved observed checkpoint,2a64f73df0f22a82b03373803f8b482cb04c51f4d6af78759f227fa8a78cb1f8
Figure 3,b,AIR-014_IASC_Reproducibility/end_to_end/out/accepted_timeout_cleanup_recovery/rep-1/ecrc/snapshots/after_unknown_recovery_competition/sink.sqlite,data/input/s8/accepted_timeout_cleanup_recovery/rep-1/ecrc/after_unknown_recovery_competition/sink.sqlite,"{""implementation"": ""ecrc"", ""phase"": ""after_unknown_recovery_competition"", ""rep"": 1, ""scenario"": ""accepted_timeout_cleanup_recovery""}",Direct counts/sums from copied SQLite state; all 2 implementations x 3 repetitions; no run selection.,saved observed checkpoint,1f8f0a231260dbbcf31586569adaabe12ca63eec9a2a501ceb0890b4c892ba4e
Figure 3,b,AIR-014_IASC_Reproducibility/end_to_end/out/accepted_timeout_cleanup_recovery/rep-1/ecrc/snapshots/final/client.sqlite,data/input/s8/accepted_timeout_cleanup_recovery/rep-1/ecrc/final/client.sqlite,"{""implementation"": ""ecrc"", ""phase"": ""final"", ""rep"": 1, ""scenario"": ""accepted_timeout_cleanup_recovery""}",Direct counts/sums from copied SQLite state; all 2 implementations x 3 repetitions; no run selection.,saved observed checkpoint,2a64f73df0f22a82b03373803f8b482cb04c51f4d6af78759f227fa8a78cb1f8
Figure 3,b,AIR-014_IASC_Reproducibility/end_to_end/out/accepted_timeout_cleanup_recovery/rep-1/ecrc/snapshots/final/sink.sqlite,data/input/s8/accepted_timeout_cleanup_recovery/rep-1/ecrc/final/sink.sqlite,"{""implementation"": ""ecrc"", ""phase"": ""final"", ""rep"": 1, ""scenario"": ""accepted_timeout_cleanup_recovery""}",Direct counts/sums from copied SQLite state; all 2 implementations x 3 repetitions; no run selection.,saved observed checkpoint,1f8f0a231260dbbcf31586569adaabe12ca63eec9a2a501ceb0890b4c892ba4e
Figure 3,b,AIR-014_IASC_Reproducibility/end_to_end/out/accepted_timeout_cleanup_recovery/rep-1/ecrc/client.sqlite,data/input/s8/accepted_timeout_cleanup_recovery/rep-1/ecrc/current_final/client.sqlite,"{""implementation"": ""ecrc"", ""phase"": ""current_final"", ""rep"": 1, ""scenario"": ""accepted_timeout_cleanup_recovery""}",Direct counts/sums from copied SQLite state; all 2 implementations x 3 repetitions; no run selection.,saved observed final DB,640a7a7973c9daf6b9cba31eac5582200f00e1002a6406017b06fc4222d9b761
Figure 3,b,AIR-014_IASC_Reproducibility/end_to_end/out/accepted_timeout_cleanup_recovery/rep-1/ecrc/sink.sqlite,data/input/s8/accepted_timeout_cleanup_recovery/rep-1/ecrc/current_final/sink.sqlite,"{""implementation"": ""ecrc"", ""phase"": ""current_final"", ""rep"": 1, ""scenario"": ""accepted_timeout_cleanup_recovery""}",Direct counts/sums from copied SQLite state; all 2 implementations x 3 repetitions; no run selection.,saved observed final DB,f4798820724a99a660463f6de10232ec19f56af7313973efe2f97cd9889fcb9a
Figure 3,b,AIR-014_IASC_Reproducibility/end_to_end/out/accepted_timeout_cleanup_recovery/rep-1/ordinary/snapshots/sink_committed_client_timed_out/client.sqlite,data/input/s8/accepted_timeout_cleanup_recovery/rep-1/ordinary/sink_committed_client_timed_out/client.sqlite,"{""implementation"": ""ordinary"", ""phase"": ""sink_committed_client_timed_out"", ""rep"": 1, ""scenario"": ""accepted_timeout_cleanup_recovery""}",Direct counts/sums from copied SQLite state; all 2 implementations x 3 repetitions; no run selection.,saved observed checkpoint,59fb36a71074d790a85e4c5959e31395254d95a3e80867c610cd856c25979997
Figure 3,b,AIR-014_IASC_Reproducibility/end_to_end/out/accepted_timeout_cleanup_recovery/rep-1/ordinary/snapshots/sink_committed_client_timed_out/sink.sqlite,data/input/s8/accepted_timeout_cleanup_recovery/rep-1/ordinary/sink_committed_client_timed_out/sink.sqlite,"{""implementation"": ""ordinary"", ""phase"": ""sink_committed_client_timed_out"", ""rep"": 1, ""scenario"": ""accepted_timeout_cleanup_recovery""}",Direct counts/sums from copied SQLite state; all 2 implementations x 3 repetitions; no run selection.,saved observed checkpoint,7bc6c4a7a11428d9bf892b2da6ac02a11a9740a684e0b8448306a10d2bc1e7ce
Figure 3,b,AIR-014_IASC_Reproducibility/end_to_end/out/accepted_timeout_cleanup_recovery/rep-1/ordinary/snapshots/cleanup_retained_unknown_grant/client.sqlite,data/input/s8/accepted_timeout_cleanup_recovery/rep-1/ordinary/cleanup_retained_unknown_grant/client.sqlite,"{""implementation"": ""ordinary"", ""phase"": ""cleanup_retained_unknown_grant"", ""rep"": 1, ""scenario"": ""accepted_timeout_cleanup_recovery""}",Direct counts/sums from copied SQLite state; all 2 implementations x 3 repetitions; no run selection.,saved observed checkpoint,59fb36a71074d790a85e4c5959e31395254d95a3e80867c610cd856c25979997
Figure 3,b,AIR-014_IASC_Reproducibility/end_to_end/out/accepted_timeout_cleanup_recovery/rep-1/ordinary/snapshots/cleanup_retained_unknown_grant/sink.sqlite,data/input/s8/accepted_timeout_cleanup_recovery/rep-1/ordinary/cleanup_retained_unknown_grant/sink.sqlite,"{""implementation"": ""ordinary"", ""phase"": ""cleanup_retained_unknown_grant"", ""rep"": 1, ""scenario"": ""accepted_timeout_cleanup_recovery""}",Direct counts/sums from copied SQLite state; all 2 implementations x 3 repetitions; no run selection.,saved observed checkpoint,7bc6c4a7a11428d9bf892b2da6ac02a11a9740a684e0b8448306a10d2bc1e7ce
Figure 3,b,AIR-014_IASC_Reproducibility/end_to_end/out/accepted_timeout_cleanup_recovery/rep-1/ordinary/snapshots/after_unknown_recovery_competition/client.sqlite,data/input/s8/accepted_timeout_cleanup_recovery/rep-1/ordinary/after_unknown_recovery_competition/client.sqlite,"{""implementation"": ""ordinary"", ""phase"": ""after_unknown_recovery_competition"", ""rep"": 1, ""scenario"": ""accepted_timeout_cleanup_recovery""}",Direct counts/sums from copied SQLite state; all 2 implementations x 3 repetitions; no run selection.,saved observed checkpoint,2a9f8c641a918cefb7553caf253f2cede15c63dfd27df2e7217daa4a67105eda
Figure 3,b,AIR-014_IASC_Reproducibility/end_to_end/out/accepted_timeout_cleanup_recovery/rep-1/ordinary/snapshots/after_unknown_recovery_competition/sink.sqlite,data/input/s8/accepted_timeout_cleanup_recovery/rep-1/ordinary/after_unknown_recovery_competition/sink.sqlite,"{""implementation"": ""ordinary"", ""phase"": ""after_unknown_recovery_competition"", ""rep"": 1, ""scenario"": ""accepted_timeout_cleanup_recovery""}",Direct counts/sums from copied SQLite state; all 2 implementations x 3 repetitions; no run selection.,saved observed checkpoint,c16dc90305e1b074b62e05078a16fe76d4b65076d516a3800f1bb3fd0dd558c9
Figure 3,b,AIR-014_IASC_Reproducibility/end_to_end/out/accepted_timeout_cleanup_recovery/rep-1/ordinary/snapshots/final/client.sqlite,data/input/s8/accepted_timeout_cleanup_recovery/rep-1/ordinary/final/client.sqlite,"{""implementation"": ""ordinary"", ""phase"": ""final"", ""rep"": 1, ""scenario"": ""accepted_timeout_cleanup_recovery""}",Direct counts/sums from copied SQLite state; all 2 implementations x 3 repetitions; no run selection.,saved observed checkpoint,2a9f8c641a918cefb7553caf253f2cede15c63dfd27df2e7217daa4a67105eda
Figure 3,b,AIR-014_IASC_Reproducibility/end_to_end/out/accepted_timeout_cleanup_recovery/rep-1/ordinary/snapshots/final/sink.sqlite,data/input/s8/accepted_timeout_cleanup_recovery/rep-1/ordinary/final/sink.sqlite,"{""implementation"": ""ordinary"", ""phase"": ""final"", ""rep"": 1, ""scenario"": ""accepted_timeout_cleanup_recovery""}",Direct counts/sums from copied SQLite state; all 2 implementations x 3 repetitions; no run selection.,saved observed checkpoint,c16dc90305e1b074b62e05078a16fe76d4b65076d516a3800f1bb3fd0dd558c9
Figure 3,b,AIR-014_IASC_Reproducibility/end_to_end/out/accepted_timeout_cleanup_recovery/rep-1/ordinary/client.sqlite,data/input/s8/accepted_timeout_cleanup_recovery/rep-1/ordinary/current_final/client.sqlite,"{""implementation"": ""ordinary"", ""phase"": ""current_final"", ""rep"": 1, ""scenario"": ""accepted_timeout_cleanup_recovery""}",Direct counts/sums from copied SQLite state; all 2 implementations x 3 repetitions; no run selection.,saved observed final DB,3baa0b2216d0ba3ae785ac9d30be78216729c0c894a631e5c5bfcab660af6161
Figure 3,b,AIR-014_IASC_Reproducibility/end_to_end/out/accepted_timeout_cleanup_recovery/rep-1/ordinary/sink.sqlite,data/input/s8/accepted_timeout_cleanup_recovery/rep-1/ordinary/current_final/sink.sqlite,"{""implementation"": ""ordinary"", ""phase"": ""current_final"", ""rep"": 1, ""scenario"": ""accepted_timeout_cleanup_recovery""}",Direct counts/sums from copied SQLite state; all 2 implementations x 3 repetitions; no run selection.,saved observed final DB,c3453d9d11edd21b61810e331772697e45cb9523cda75ec27f3067d73b5da1da
Figure 3,b,AIR-014_IASC_Reproducibility/end_to_end/out/accepted_timeout_cleanup_recovery/rep-2/ecrc/snapshots/sink_committed_client_timed_out/client.sqlite,data/input/s8/accepted_timeout_cleanup_recovery/rep-2/ecrc/sink_committed_client_timed_out/client.sqlite,"{""implementation"": ""ecrc"", ""phase"": ""sink_committed_client_timed_out"", ""rep"": 2, ""scenario"": ""accepted_timeout_cleanup_recovery""}",Direct counts/sums from copied SQLite state; all 2 implementations x 3 repetitions; no run selection.,saved observed checkpoint,f0377a927231c1e0bc3b5bd0597d4eff7536aa82b19554bb7112fc61bc794a24
Figure 3,b,AIR-014_IASC_Reproducibility/end_to_end/out/accepted_timeout_cleanup_recovery/rep-2/ecrc/snapshots/sink_committed_client_timed_out/sink.sqlite,data/input/s8/accepted_timeout_cleanup_recovery/rep-2/ecrc/sink_committed_client_timed_out/sink.sqlite,"{""implementation"": ""ecrc"", ""phase"": ""sink_committed_client_timed_out"", ""rep"": 2, ""scenario"": ""accepted_timeout_cleanup_recovery""}",Direct counts/sums from copied SQLite state; all 2 implementations x 3 repetitions; no run selection.,saved observed checkpoint,915394f4d67228d8b91647326e6fcb340dcdd27ede9e9d5b9b737d6a531d5241
Figure 3,b,AIR-014_IASC_Reproducibility/end_to_end/out/accepted_timeout_cleanup_recovery/rep-2/ecrc/snapshots/cleanup_retained_unknown_grant/client.sqlite,data/input/s8/accepted_timeout_cleanup_recovery/rep-2/ecrc/cleanup_retained_unknown_grant/client.sqlite,"{""implementation"": ""ecrc"", ""phase"": ""cleanup_retained_unknown_grant"", ""rep"": 2, ""scenario"": ""accepted_timeout_cleanup_recovery""}",Direct counts/sums from copied SQLite state; all 2 implementations x 3 repetitions; no run selection.,saved observed checkpoint,f0377a927231c1e0bc3b5bd0597d4eff7536aa82b19554bb7112fc61bc794a24
Figure 3,b,AIR-014_IASC_Reproducibility/end_to_end/out/accepted_timeout_cleanup_recovery/rep-2/ecrc/snapshots/cleanup_retained_unknown_grant/sink.sqlite,data/input/s8/accepted_timeout_cleanup_recovery/rep-2/ecrc/cleanup_retained_unknown_grant/sink.sqlite,"{""implementation"": ""ecrc"", ""phase"": ""cleanup_retained_unknown_grant"", ""rep"": 2, ""scenario"": ""accepted_timeout_cleanup_recovery""}",Direct counts/sums from copied SQLite state; all 2 implementations x 3 repetitions; no run selection.,saved observed checkpoint,915394f4d67228d8b91647326e6fcb340dcdd27ede9e9d5b9b737d6a531d5241
Figure 3,b,AIR-014_IASC_Reproducibility/end_to_end/out/accepted_timeout_cleanup_recovery/rep-2/ecrc/snapshots/after_unknown_recovery_competition/client.sqlite,data/input/s8/accepted_timeout_cleanup_recovery/rep-2/ecrc/after_unknown_recovery_competition/client.sqlite,"{""implementation"": ""ecrc"", ""phase"": ""after_unknown_recovery_competition"", ""rep"": 2, ""scenario"": ""accepted_timeout_cleanup_recovery""}",Direct counts/sums from copied SQLite state; all 2 implementations x 3 repetitions; no run selection.,saved observed checkpoint,f456d534e830d078bde30a042d65d2b5f421b07af9b8453b17271df145f2a949
Figure 3,b,AIR-014_IASC_Reproducibility/end_to_end/out/accepted_timeout_cleanup_recovery/rep-2/ecrc/snapshots/after_unknown_recovery_competition/sink.sqlite,data/input/s8/accepted_timeout_cleanup_recovery/rep-2/ecrc/after_unknown_recovery_competition/sink.sqlite,"{""implementation"": ""ecrc"", ""phase"": ""after_unknown_recovery_competition"", ""rep"": 2, ""scenario"": ""accepted_timeout_cleanup_recovery""}",Direct counts/sums from copied SQLite state; all 2 implementations x 3 repetitions; no run selection.,saved observed checkpoint,0d2cb7f3e648014dfbd10626f666881ebc9bb87c57aaf85ed1d5081f15b597df
Figure 3,b,AIR-014_IASC_Reproducibility/end_to_end/out/accepted_timeout_cleanup_recovery/rep-2/ecrc/snapshots/final/client.sqlite,data/input/s8/accepted_timeout_cleanup_recovery/rep-2/ecrc/final/client.sqlite,"{""implementation"": ""ecrc"", ""phase"": ""final"", ""rep"": 2, ""scenario"": ""accepted_timeout_cleanup_recovery""}",Direct counts/sums from copied SQLite state; all 2 implementations x 3 repetitions; no run selection.,saved observed checkpoint,f456d534e830d078bde30a042d65d2b5f421b07af9b8453b17271df145f2a949
Figure 3,b,AIR-014_IASC_Reproducibility/end_to_end/out/accepted_timeout_cleanup_recovery/rep-2/ecrc/snapshots/final/sink.sqlite,data/input/s8/accepted_timeout_cleanup_recovery/rep-2/ecrc/final/sink.sqlite,"{""implementation"": ""ecrc"", ""phase"": ""final"", ""rep"": 2, ""scenario"": ""accepted_timeout_cleanup_recovery""}",Direct counts/sums from copied SQLite state; all 2 implementations x 3 repetitions; no run selection.,saved observed checkpoint,0d2cb7f3e648014dfbd10626f666881ebc9bb87c57aaf85ed1d5081f15b597df
Figure 3,b,AIR-014_IASC_Reproducibility/end_to_end/out/accepted_timeout_cleanup_recovery/rep-2/ecrc/client.sqlite,data/input/s8/accepted_timeout_cleanup_recovery/rep-2/ecrc/current_final/client.sqlite,"{""implementation"": ""ecrc"", ""phase"": ""current_final"", ""rep"": 2, ""scenario"": ""accepted_timeout_cleanup_recovery""}",Direct counts/sums from copied SQLite state; all 2 implementations x 3 repetitions; no run selection.,saved observed final DB,d3da50446577afa783b1967ab941cc8120d6e135f869758b76a176842ce07472
Figure 3,b,AIR-014_IASC_Reproducibility/end_to_end/out/accepted_timeout_cleanup_recovery/rep-2/ecrc/sink.sqlite,data/input/s8/accepted_timeout_cleanup_recovery/rep-2/ecrc/current_final/sink.sqlite,"{""implementation"": ""ecrc"", ""phase"": ""current_final"", ""rep"": 2, ""scenario"": ""accepted_timeout_cleanup_recovery""}",Direct counts/sums from copied SQLite state; all 2 implementations x 3 repetitions; no run selection.,saved observed final DB,c4ff5a47a7a1e9228efcd5acede7e6f1ec36c16b7106481c34931e8c34b9154b
Figure 3,b,AIR-014_IASC_Reproducibility/end_to_end/out/accepted_timeout_cleanup_recovery/rep-2/ordinary/snapshots/sink_committed_client_timed_out/client.sqlite,data/input/s8/accepted_timeout_cleanup_recovery/rep-2/ordinary/sink_committed_client_timed_out/client.sqlite,"{""implementation"": ""ordinary"", ""phase"": ""sink_committed_client_timed_out"", ""rep"": 2, ""scenario"": ""accepted_timeout_cleanup_recovery""}",Direct counts/sums from copied SQLite state; all 2 implementations x 3 repetitions; no run selection.,saved observed checkpoint,59fb36a71074d790a85e4c5959e31395254d95a3e80867c610cd856c25979997
Figure 3,b,AIR-014_IASC_Reproducibility/end_to_end/out/accepted_timeout_cleanup_recovery/rep-2/ordinary/snapshots/sink_committed_client_timed_out/sink.sqlite,data/input/s8/accepted_timeout_cleanup_recovery/rep-2/ordinary/sink_committed_client_timed_out/sink.sqlite,"{""implementation"": ""ordinary"", ""phase"": ""sink_committed_client_timed_out"", ""rep"": 2, ""scenario"": ""accepted_timeout_cleanup_recovery""}",Direct counts/sums from copied SQLite state; all 2 implementations x 3 repetitions; no run selection.,saved observed checkpoint,d93e0454f34025ea5b43b1cce21a0c5031a0d118d7ea2ab380ddc8f9986e9703
Figure 3,b,AIR-014_IASC_Reproducibility/end_to_end/out/accepted_timeout_cleanup_recovery/rep-2/ordinary/snapshots/cleanup_retained_unknown_grant/client.sqlite,data/input/s8/accepted_timeout_cleanup_recovery/rep-2/ordinary/cleanup_retained_unknown_grant/client.sqlite,"{""implementation"": ""ordinary"", ""phase"": ""cleanup_retained_unknown_grant"", ""rep"": 2, ""scenario"": ""accepted_timeout_cleanup_recovery""}",Direct counts/sums from copied SQLite state; all 2 implementations x 3 repetitions; no run selection.,saved observed checkpoint,59fb36a71074d790a85e4c5959e31395254d95a3e80867c610cd856c25979997
Figure 3,b,AIR-014_IASC_Reproducibility/end_to_end/out/accepted_timeout_cleanup_recovery/rep-2/ordinary/snapshots/cleanup_retained_unknown_grant/sink.sqlite,data/input/s8/accepted_timeout_cleanup_recovery/rep-2/ordinary/cleanup_retained_unknown_grant/sink.sqlite,"{""implementation"": ""ordinary"", ""phase"": ""cleanup_retained_unknown_grant"", ""rep"": 2, ""scenario"": ""accepted_timeout_cleanup_recovery""}",Direct counts/sums from copied SQLite state; all 2 implementations x 3 repetitions; no run selection.,saved observed checkpoint,d93e0454f34025ea5b43b1cce21a0c5031a0d118d7ea2ab380ddc8f9986e9703
Figure 3,b,AIR-014_IASC_Reproducibility/end_to_end/out/accepted_timeout_cleanup_recovery/rep-2/ordinary/snapshots/after_unknown_recovery_competition/client.sqlite,data/input/s8/accepted_timeout_cleanup_recovery/rep-2/ordinary/after_unknown_recovery_competition/client.sqlite,"{""implementation"": ""ordinary"", ""phase"": ""after_unknown_recovery_competition"", ""rep"": 2, ""scenario"": ""accepted_timeout_cleanup_recovery""}",Direct counts/sums from copied SQLite state; all 2 implementations x 3 repetitions; no run selection.,saved observed checkpoint,6f19be9ea1006433de7f988281c9de6ed6386de76dd2e5b2e210668f331b61db
Figure 3,b,AIR-014_IASC_Reproducibility/end_to_end/out/accepted_timeout_cleanup_recovery/rep-2/ordinary/snapshots/after_unknown_recovery_competition/sink.sqlite,data/input/s8/accepted_timeout_cleanup_recovery/rep-2/ordinary/after_unknown_recovery_competition/sink.sqlite,"{""implementation"": ""ordinary"", ""phase"": ""after_unknown_recovery_competition"", ""rep"": 2, ""scenario"": ""accepted_timeout_cleanup_recovery""}",Direct counts/sums from copied SQLite state; all 2 implementations x 3 repetitions; no run selection.,saved observed checkpoint,6e4995a96ecea64372cf15775a3150f06aac327e9a567557ab2214baa43d0a03
Figure 3,b,AIR-014_IASC_Reproducibility/end_to_end/out/accepted_timeout_cleanup_recovery/rep-2/ordinary/snapshots/final/client.sqlite,data/input/s8/accepted_timeout_cleanup_recovery/rep-2/ordinary/final/client.sqlite,"{""implementation"": ""ordinary"", ""phase"": ""final"", ""rep"": 2, ""scenario"": ""accepted_timeout_cleanup_recovery""}",Direct counts/sums from copied SQLite state; all 2 implementations x 3 repetitions; no run selection.,saved observed checkpoint,6f19be9ea1006433de7f988281c9de6ed6386de76dd2e5b2e210668f331b61db
Figure 3,b,AIR-014_IASC_Reproducibility/end_to_end/out/accepted_timeout_cleanup_recovery/rep-2/ordinary/snapshots/final/sink.sqlite,data/input/s8/accepted_timeout_cleanup_recovery/rep-2/ordinary/final/sink.sqlite,"{""implementation"": ""ordinary"", ""phase"": ""final"", ""rep"": 2, ""scenario"": ""accepted_timeout_cleanup_recovery""}",Direct counts/sums from copied SQLite state; all 2 implementations x 3 repetitions; no run selection.,saved observed checkpoint,6e4995a96ecea64372cf15775a3150f06aac327e9a567557ab2214baa43d0a03
Figure 3,b,AIR-014_IASC_Reproducibility/end_to_end/out/accepted_timeout_cleanup_recovery/rep-2/ordinary/client.sqlite,data/input/s8/accepted_timeout_cleanup_recovery/rep-2/ordinary/current_final/client.sqlite,"{""implementation"": ""ordinary"", ""phase"": ""current_final"", ""rep"": 2, ""scenario"": ""accepted_timeout_cleanup_recovery""}",Direct counts/sums from copied SQLite state; all 2 implementations x 3 repetitions; no run selection.,saved observed final DB,b7aba1bb1c80ba1a3ed4da31ea9ad3180f687a5f6dd0e4fb03d39ba7df43d14a
Figure 3,b,AIR-014_IASC_Reproducibility/end_to_end/out/accepted_timeout_cleanup_recovery/rep-2/ordinary/sink.sqlite,data/input/s8/accepted_timeout_cleanup_recovery/rep-2/ordinary/current_final/sink.sqlite,"{""implementation"": ""ordinary"", ""phase"": ""current_final"", ""rep"": 2, ""scenario"": ""accepted_timeout_cleanup_recovery""}",Direct counts/sums from copied SQLite state; all 2 implementations x 3 repetitions; no run selection.,saved observed final DB,c352ba937841eded9fb60b2e65a0e7ddf0f18a7e22b86ba246f002e4b1bcbc9f
Figure 4,a,AIR-014_IASC_Reproducibility/figures/data/analysis/a1_discrimination_decomposition.csv,data/input/discrimination.csv,"{""candidate_region"": ""alert_candidates"", ""dataset_id"": [""many_labs_igt"", ""mendeley_igt_official_v2""], ""model_name"": [""hist_gradient_boosting"", ""regularised_logistic"", ""history_baseline""]}","Exact stored pooled, pair-weighted within-person and candidate AUROC; saved CIs only; pooled point-only because no corresponding stored CI used. No connecting lines.",saved statistical estimates; different evaluation populations,b144f9e2508eb98300104a524a3b29391cabdd34172dedc12ce973b6c14510af
Figure 4,a,AIR-014_IASC_Reproducibility/figures/data/analysis/a1_discrimination_bootstrap.csv,data/input/discrimination_ci.csv,"{""candidate_region"": ""alert_candidates"", ""dataset_id"": [""many_labs_igt"", ""mendeley_igt_official_v2""], ""model_name"": [""hist_gradient_boosting"", ""regularised_logistic"", ""history_baseline""]}","Exact stored pooled, pair-weighted within-person and candidate AUROC; saved CIs only; pooled point-only because no corresponding stored CI used. No connecting lines.",saved statistical estimates; different evaluation populations,c2d9a1d8ea6a73acb57dae19c5e577fbf78cbd3e3363aefaffa484eb0191de19
Figure 4,a,AIR-014_IASC_Reproducibility/reproduce_analysis/qa/iasc_experiment_extension_2026-09-11/sequence/out/frozen_candidate_summary.csv,data/input/candidate.csv,"{""candidate_region"": ""alert_candidates"", ""dataset_id"": [""many_labs_igt"", ""mendeley_igt_official_v2""], ""model_name"": [""hist_gradient_boosting"", ""regularised_logistic"", ""history_baseline""]}","Exact stored pooled, pair-weighted within-person and candidate AUROC; saved CIs only; pooled point-only because no corresponding stored CI used. No connecting lines.",saved statistical estimates; different evaluation populations,5733a49a9eaa6aa68f6854ef47a8e6d614ae603b87e448f5ed01c09fa77c06b3
Figure 4,b,AIR-014_IASC_Reproducibility/figures/data/analysis/a3_interval_algebra.csv,data/input/interval_algebra.csv,"{""cohort"": ""external"", ""models"": [""hist_gradient_boosting"", ""regularised_logistic"", ""history_baseline""]}","Decimal endpoint projection from saved tau: review [tau-.03,tau+.03], alert (tau+.03,1], ambiguity gate [.45,.55]; recompute union width, not legacy max-component width.",specified frozen policy regions,fa58fbc68bd4cfc3577d06581b1b4976b903613ebe53a0ba00ec688bd253dc1d
Figure 5,a/b/c,AIR-014_IASC_Reproducibility/reproduce_analysis/qa/iasc_experiment_extension_2026-09-11/online/out/online_intervals.csv,data/input/online_intervals.csv,"{""cells"": ""2 cohorts x 3 models x 2 budgets"", ""quantity"": ""delta_paced_minus_fifo__{alert_precision,alert_coverage,budget_utilization}""}","Use all 12 stored pooled contrasts and paired intervals per metric in their native proportion-difference units, without rescaling; validate against paced-minus-fifo saved points. No new bootstrap.",saved paired statistical estimates,0447449b6be326b8750c107128f31ad39299b64823a88eed0a4fe9f32befc239
Figure 5,a/b/c,AIR-014_IASC_Reproducibility/reproduce_analysis/qa/iasc_experiment_extension_2026-09-11/online/out/online_estimates.csv,data/input/online_estimates.csv,"{""cells"": ""2 cohorts x 3 models x 2 budgets"", ""quantity"": ""delta_paced_minus_fifo__{alert_precision,alert_coverage,budget_utilization}""}","Use all 12 stored pooled contrasts and paired intervals per metric in their native proportion-difference units, without rescaling; validate against paced-minus-fifo saved points. No new bootstrap.",saved paired statistical estimates,7868c4b792ac7ac08887921ec1a91d4026b9392880155cac6582fc0085ead822
Figure 5,a/b,AIR-014_IASC_Reproducibility/statistics/out/paired_comparisons.csv,data/input/participant_equal.csv,"{""analysis"": ""online"", ""comparison"": ""paced"", ""estimand"": ""common_macro_difference"", ""metric"": [""alert_precision"", ""alert_coverage""], ""reference"": ""fifo""}","Use all 24 common-valid participant-equal paired contrasts and saved intervals in their native proportion-difference units, without rescaling or a new bootstrap. Preserve valid-denominator fields in export.",saved paired participant-equal estimates,d519aaca7ae39cdbdac25a06f8f05050e4d42d608286239d543c807a88fe64e4
