run_id,batch_id,arm,policy,condition,eligible_tasks,timely_tasks,durable_pass_tasks_by_deadline,eventual_pass_tasks,jobs,actual_starts,pass_jobs,fail_jobs,timeout_jobs,http_posts,response_drops,cache_hits,primary_retries,drain_retries,child_cpu_seconds,suite_wall_seconds,launcher_wall_seconds,observed_stop_elapsed_s,all_feedback_complete_elapsed_s,stop_held,stop_committed,final_held,final_committed,late_host_launches,denied_decisions,timely_task_ids,eventual_task_ids
r001,evaluation_01,ecrc,depth_first,normal,8,2,2,2,14,14,2,12,0,14,0,0,0,0,0.010104,0.036388808000000994,4.6370000000461005,5.1578713,5.1607244,0,14,0,14,0,0,HumanEval/23|HumanEval/91,HumanEval/23|HumanEval/91
r002,evaluation_01,ordinary,depth_first,normal,8,4,4,4,16,16,4,12,0,16,0,0,0,0,0.008591999999999999,0.03583126000000014,3.360000000015134,3.8522908,3.8563197,0,16,0,16,0,1,HumanEval/23|HumanEval/49|HumanEval/82|HumanEval/91,HumanEval/23|HumanEval/49|HumanEval/82|HumanEval/91
r003,evaluation_01,ordinary,round_robin,normal,8,5,5,5,16,16,5,11,0,16,0,0,0,0,0.009935,0.0377295869999994,3.3100000000267755,3.8989222,3.9029827,0,16,0,16,0,1,HumanEval/101|HumanEval/128|HumanEval/23|HumanEval/49|HumanEval/82,HumanEval/101|HumanEval/128|HumanEval/23|HumanEval/49|HumanEval/82
r004,evaluation_01,ecrc,round_robin,normal,8,5,5,5,16,16,5,11,0,16,0,0,0,0,0.008367999999999999,0.03736178800000367,3.422999999980675,3.9736616,3.9765587,0,16,0,16,0,1,HumanEval/101|HumanEval/128|HumanEval/23|HumanEval/49|HumanEval/82,HumanEval/101|HumanEval/128|HumanEval/23|HumanEval/49|HumanEval/82
r005,evaluation_01,ordinary,depth_first,response_loss,8,2,2,2,12,12,2,10,0,15,3,3,2,1,0.00451,0.027073081000001054,2.5479999999515712,4.9721844,5.9915333,1,11,0,12,0,0,HumanEval/23|HumanEval/91,HumanEval/23|HumanEval/91
r006,evaluation_01,ecrc,depth_first,response_loss,8,2,2,2,12,12,2,10,0,15,3,3,2,1,0.005072999999999999,0.028429393000003245,2.484000000084052,5.0121289,6.0406141,1,11,0,12,0,0,HumanEval/23|HumanEval/91,HumanEval/23|HumanEval/91
r007,evaluation_01,ecrc,round_robin,response_loss,8,4,4,5,12,12,5,7,0,15,3,3,2,1,0.0055839999999999996,0.027086752000005987,2.5,5.0232323,6.0463475,1,11,0,12,0,0,HumanEval/101|HumanEval/128|HumanEval/23|HumanEval/82,HumanEval/101|HumanEval/128|HumanEval/23|HumanEval/49|HumanEval/82
r008,evaluation_01,ordinary,round_robin,response_loss,8,4,5,5,12,12,5,7,0,15,3,3,2,1,0.004023,0.027065323000002195,2.5450000000710133,4.9882383,6.0063169,1,11,0,12,0,0,HumanEval/101|HumanEval/128|HumanEval/23|HumanEval/82,HumanEval/101|HumanEval/128|HumanEval/23|HumanEval/49|HumanEval/82
r009,evaluation_02,ordinary,round_robin,response_loss,8,7,8,8,12,12,8,4,0,15,3,3,2,1,0.005553999999999999,0.028544220999997094,2.5480000000970904,4.9749263,5.995919,1,11,0,12,0,0,HumanEval/108|HumanEval/13|HumanEval/141|HumanEval/18|HumanEval/67|HumanEval/85|HumanEval/97,HumanEval/108|HumanEval/13|HumanEval/141|HumanEval/18|HumanEval/67|HumanEval/78|HumanEval/85|HumanEval/97
r010,evaluation_02,ecrc,round_robin,response_loss,8,7,7,8,12,12,8,4,0,15,3,3,2,1,0.0065439999999999995,0.02730184700000393,2.4970000000612345,5.0120839,6.0382234,1,11,0,12,0,0,HumanEval/108|HumanEval/13|HumanEval/141|HumanEval/18|HumanEval/67|HumanEval/85|HumanEval/97,HumanEval/108|HumanEval/13|HumanEval/141|HumanEval/18|HumanEval/67|HumanEval/78|HumanEval/85|HumanEval/97
r011,evaluation_02,ecrc,depth_first,response_loss,8,7,8,8,12,12,8,4,0,15,3,3,2,1,0.007238,0.027116168999981483,2.436000000045169,4.9606897,5.984883,1,11,0,12,0,0,HumanEval/108|HumanEval/141|HumanEval/18|HumanEval/67|HumanEval/78|HumanEval/85|HumanEval/97,HumanEval/108|HumanEval/13|HumanEval/141|HumanEval/18|HumanEval/67|HumanEval/78|HumanEval/85|HumanEval/97
r012,evaluation_02,ordinary,depth_first,response_loss,8,7,8,8,12,12,8,4,0,15,3,3,2,1,0.007829,0.02753264099999342,2.529999999998836,5.001697,6.008936,1,11,0,12,0,0,HumanEval/108|HumanEval/141|HumanEval/18|HumanEval/67|HumanEval/78|HumanEval/85|HumanEval/97,HumanEval/108|HumanEval/13|HumanEval/141|HumanEval/18|HumanEval/67|HumanEval/78|HumanEval/85|HumanEval/97
r013,evaluation_02,ecrc,round_robin,normal,8,8,8,8,12,12,8,4,0,12,0,0,0,0,0.01099,0.02713370299997564,2.474000000045635,2.9706428,2.973295,0,12,0,12,0,0,HumanEval/108|HumanEval/13|HumanEval/141|HumanEval/18|HumanEval/67|HumanEval/78|HumanEval/85|HumanEval/97,HumanEval/108|HumanEval/13|HumanEval/141|HumanEval/18|HumanEval/67|HumanEval/78|HumanEval/85|HumanEval/97
r014,evaluation_02,ordinary,round_robin,normal,8,8,8,8,12,12,8,4,0,12,0,0,0,0,0.0035730000000000002,0.027243909999981497,2.489000000001397,2.9520758,2.9549309,0,12,0,12,0,0,HumanEval/108|HumanEval/13|HumanEval/141|HumanEval/18|HumanEval/67|HumanEval/78|HumanEval/85|HumanEval/97,HumanEval/108|HumanEval/13|HumanEval/141|HumanEval/18|HumanEval/67|HumanEval/78|HumanEval/85|HumanEval/97
r015,evaluation_02,ordinary,depth_first,normal,8,8,8,8,12,12,8,4,0,12,0,0,0,0,0.006533000000000001,0.02810496699996179,2.562999999965541,2.9272908,2.9303437,0,12,0,12,0,0,HumanEval/108|HumanEval/13|HumanEval/141|HumanEval/18|HumanEval/67|HumanEval/78|HumanEval/85|HumanEval/97,HumanEval/108|HumanEval/13|HumanEval/141|HumanEval/18|HumanEval/67|HumanEval/78|HumanEval/85|HumanEval/97
r016,evaluation_02,ecrc,depth_first,normal,8,8,8,8,12,12,8,4,0,12,0,0,0,0,0.00981,0.028811153999967587,2.4680000000516884,2.9378511,2.9413066,0,12,0,12,0,0,HumanEval/108|HumanEval/13|HumanEval/141|HumanEval/18|HumanEval/67|HumanEval/78|HumanEval/85|HumanEval/97,HumanEval/108|HumanEval/13|HumanEval/141|HumanEval/18|HumanEval/67|HumanEval/78|HumanEval/85|HumanEval/97
r017,evaluation_03,ecrc,depth_first,normal,8,7,7,7,11,11,7,4,0,11,0,0,0,0,0.0042699999999999995,0.02299339200000361,2.26500000001397,2.687592,2.6909095,0,11,0,11,0,0,HumanEval/106|HumanEval/14|HumanEval/153|HumanEval/161|HumanEval/24|HumanEval/25|HumanEval/31,HumanEval/106|HumanEval/14|HumanEval/153|HumanEval/161|HumanEval/24|HumanEval/25|HumanEval/31
r018,evaluation_03,ordinary,depth_first,normal,8,7,7,7,11,11,7,4,0,11,0,0,0,0,0.003919,0.022992375000015386,2.3769999999494758,2.6405202,2.6432374,0,11,0,11,0,0,HumanEval/106|HumanEval/14|HumanEval/153|HumanEval/161|HumanEval/24|HumanEval/25|HumanEval/31,HumanEval/106|HumanEval/14|HumanEval/153|HumanEval/161|HumanEval/24|HumanEval/25|HumanEval/31
r019,evaluation_03,ordinary,round_robin,normal,8,7,7,7,11,11,7,4,0,11,0,0,0,0,0.0034729999999999995,0.023113067000011256,2.2660000000032596,2.6177746,2.6200947,0,11,0,11,0,0,HumanEval/106|HumanEval/14|HumanEval/153|HumanEval/161|HumanEval/24|HumanEval/25|HumanEval/31,HumanEval/106|HumanEval/14|HumanEval/153|HumanEval/161|HumanEval/24|HumanEval/25|HumanEval/31
r020,evaluation_03,ecrc,round_robin,normal,8,7,7,7,11,11,7,4,0,11,0,0,0,0,0.005166,0.023877874000007182,2.3249999998370185,2.7623873,2.7652905,0,11,0,11,0,0,HumanEval/106|HumanEval/14|HumanEval/153|HumanEval/161|HumanEval/24|HumanEval/25|HumanEval/31,HumanEval/106|HumanEval/14|HumanEval/153|HumanEval/161|HumanEval/24|HumanEval/25|HumanEval/31
r021,evaluation_03,ordinary,depth_first,response_loss,8,7,7,7,11,11,7,4,0,13,2,2,2,0,0.003497,0.023228312999989953,2.311000000074273,4.7501639,4.7533113,0,11,0,11,0,0,HumanEval/106|HumanEval/14|HumanEval/153|HumanEval/161|HumanEval/24|HumanEval/25|HumanEval/31,HumanEval/106|HumanEval/14|HumanEval/153|HumanEval/161|HumanEval/24|HumanEval/25|HumanEval/31
r022,evaluation_03,ecrc,depth_first,response_loss,8,7,7,7,11,11,7,4,0,13,2,2,2,0,0.00723,0.023222716999953263,2.2489999999233987,4.7317396,4.7352621,0,11,0,11,0,0,HumanEval/106|HumanEval/14|HumanEval/153|HumanEval/161|HumanEval/24|HumanEval/25|HumanEval/31,HumanEval/106|HumanEval/14|HumanEval/153|HumanEval/161|HumanEval/24|HumanEval/25|HumanEval/31
r023,evaluation_03,ecrc,round_robin,response_loss,8,7,7,7,11,11,7,4,0,13,2,2,2,0,0.0017789999999999998,0.022679906999997,2.2529999999678694,4.7747362,4.7773336,0,11,0,11,0,0,HumanEval/106|HumanEval/14|HumanEval/153|HumanEval/161|HumanEval/24|HumanEval/25|HumanEval/31,HumanEval/106|HumanEval/14|HumanEval/153|HumanEval/161|HumanEval/24|HumanEval/25|HumanEval/31
r024,evaluation_03,ordinary,round_robin,response_loss,8,7,7,7,11,11,7,4,0,13,2,2,2,0,0.005949,0.023719330999995236,2.233000000094762,4.7687089,4.7710161,0,11,0,11,0,0,HumanEval/106|HumanEval/14|HumanEval/153|HumanEval/161|HumanEval/24|HumanEval/25|HumanEval/31,HumanEval/106|HumanEval/14|HumanEval/153|HumanEval/161|HumanEval/24|HumanEval/25|HumanEval/31
r025,evaluation_04,ordinary,round_robin,response_loss,8,7,7,7,12,12,7,5,0,15,3,3,2,1,0.005101,0.026472652999984803,2.5310000000172295,5.0460784,6.0532793,1,11,0,12,0,0,HumanEval/110|HumanEval/122|HumanEval/133|HumanEval/136|HumanEval/16|HumanEval/48|HumanEval/8,HumanEval/110|HumanEval/122|HumanEval/133|HumanEval/136|HumanEval/16|HumanEval/48|HumanEval/8
r026,evaluation_04,ecrc,round_robin,response_loss,8,7,7,7,12,12,7,5,0,15,3,3,2,1,0.003958,0.02743961699997044,2.515999999974156,5.0339117,6.0481644,1,11,0,12,0,0,HumanEval/110|HumanEval/122|HumanEval/133|HumanEval/136|HumanEval/16|HumanEval/48|HumanEval/8,HumanEval/110|HumanEval/122|HumanEval/133|HumanEval/136|HumanEval/16|HumanEval/48|HumanEval/8
r027,evaluation_04,ecrc,depth_first,response_loss,8,5,5,6,12,12,6,6,0,15,3,3,2,1,0.00618,0.02563376999999889,2.5150000001012813,5.0179926,6.0255729,1,11,0,12,0,0,HumanEval/110|HumanEval/122|HumanEval/136|HumanEval/16|HumanEval/48,HumanEval/110|HumanEval/122|HumanEval/136|HumanEval/16|HumanEval/48|HumanEval/8
r028,evaluation_04,ordinary,depth_first,response_loss,8,5,6,6,12,12,6,6,0,15,3,3,2,1,0.005114,0.02626969700000359,2.515999999945052,4.9863381,6.0035864,1,11,0,12,0,0,HumanEval/110|HumanEval/122|HumanEval/136|HumanEval/16|HumanEval/48,HumanEval/110|HumanEval/122|HumanEval/136|HumanEval/16|HumanEval/48|HumanEval/8
r029,evaluation_04,ecrc,round_robin,normal,8,7,7,7,13,13,7,6,0,13,0,0,0,0,0.002338,0.02799408300001005,2.6849999998230487,3.2687376,3.2713866,0,13,0,13,0,0,HumanEval/110|HumanEval/122|HumanEval/133|HumanEval/136|HumanEval/16|HumanEval/48|HumanEval/8,HumanEval/110|HumanEval/122|HumanEval/133|HumanEval/136|HumanEval/16|HumanEval/48|HumanEval/8
r030,evaluation_04,ordinary,round_robin,normal,8,7,7,7,13,13,7,6,0,13,0,0,0,0,0.003862,0.028177334999952564,2.7950000000419095,3.1584213,3.1610746,0,13,0,13,0,0,HumanEval/110|HumanEval/122|HumanEval/133|HumanEval/136|HumanEval/16|HumanEval/48|HumanEval/8,HumanEval/110|HumanEval/122|HumanEval/133|HumanEval/136|HumanEval/16|HumanEval/48|HumanEval/8
r031,evaluation_04,ordinary,depth_first,normal,8,7,7,7,13,13,7,6,0,13,0,0,0,0,0.00518,0.028210647999998173,2.6780000000435393,3.2326087,3.2350912,0,13,0,13,0,0,HumanEval/110|HumanEval/122|HumanEval/133|HumanEval/136|HumanEval/16|HumanEval/48|HumanEval/8,HumanEval/110|HumanEval/122|HumanEval/133|HumanEval/136|HumanEval/16|HumanEval/48|HumanEval/8
r032,evaluation_04,ecrc,depth_first,normal,8,7,7,7,13,13,7,6,0,13,0,0,0,0,0.005345,0.027556589000027998,2.6539999999513384,3.2489577,3.2521224,0,13,0,13,0,0,HumanEval/110|HumanEval/122|HumanEval/133|HumanEval/136|HumanEval/16|HumanEval/48|HumanEval/8,HumanEval/110|HumanEval/122|HumanEval/133|HumanEval/136|HumanEval/16|HumanEval/48|HumanEval/8
r033,evaluation_05,ecrc,depth_first,normal,8,4,4,4,16,16,4,12,0,16,0,0,0,0,0.006919,0.0334335799999792,3.3120000001508743,3.9994535,4.0034129,0,16,0,16,0,1,HumanEval/109|HumanEval/42|HumanEval/54|HumanEval/76,HumanEval/109|HumanEval/42|HumanEval/54|HumanEval/76
r034,evaluation_05,ordinary,depth_first,normal,8,4,4,4,16,16,4,12,0,16,0,0,0,0,0.011047999999999999,0.03468394999998736,3.3439999999536667,3.9218066,3.9261816,0,16,0,16,0,1,HumanEval/109|HumanEval/42|HumanEval/54|HumanEval/76,HumanEval/109|HumanEval/42|HumanEval/54|HumanEval/76
r035,evaluation_05,ordinary,round_robin,normal,8,4,4,4,16,16,4,12,0,16,0,0,0,0,0.006662999999999999,0.0336089090000371,3.3009999999485444,3.9429306,3.9460181,0,16,0,16,0,1,HumanEval/19|HumanEval/42|HumanEval/54|HumanEval/76,HumanEval/19|HumanEval/42|HumanEval/54|HumanEval/76
r036,evaluation_05,ecrc,round_robin,normal,8,4,4,4,16,16,4,12,0,16,0,0,0,0,0.004357,0.03322142300001474,3.4039999999513384,3.9880498,3.9908533,0,16,0,16,0,1,HumanEval/19|HumanEval/42|HumanEval/54|HumanEval/76,HumanEval/19|HumanEval/42|HumanEval/54|HumanEval/76
r037,evaluation_05,ordinary,depth_first,response_loss,8,2,2,2,12,12,2,10,0,15,3,3,2,1,0.0033539999999999998,0.024632207000053086,2.5310000000463333,4.9177752,5.938712,1,11,0,12,0,0,HumanEval/42|HumanEval/76,HumanEval/42|HumanEval/76
r038,evaluation_05,ecrc,depth_first,response_loss,8,2,2,2,12,12,2,10,0,15,3,3,2,1,0.009466999999999998,0.026272270999982084,2.5629999998782296,5.0185477,6.0462209,1,11,0,12,0,0,HumanEval/42|HumanEval/76,HumanEval/42|HumanEval/76
r039,evaluation_05,ecrc,round_robin,response_loss,8,3,3,3,12,12,3,9,0,15,3,3,2,1,0.007414,0.026499051999991252,2.5439999999071006,4.977396,5.984713,1,11,0,12,0,0,HumanEval/19|HumanEval/42|HumanEval/54,HumanEval/19|HumanEval/42|HumanEval/54
r040,evaluation_05,ordinary,round_robin,response_loss,8,3,3,3,12,12,3,9,0,15,3,3,2,1,0.0046429999999999996,0.025053371000012703,2.489999999932479,4.9693946,5.990329,1,11,0,12,0,0,HumanEval/19|HumanEval/42|HumanEval/54,HumanEval/19|HumanEval/42|HumanEval/54
r041,evaluation_06,ordinary,round_robin,response_loss,8,4,4,4,12,12,4,8,0,15,3,3,2,1,0.005131,0.024980408999994097,2.453999999939697,4.9612976,5.9796369,1,11,0,12,0,0,HumanEval/146|HumanEval/162|HumanEval/56|HumanEval/72,HumanEval/146|HumanEval/162|HumanEval/56|HumanEval/72
r042,evaluation_06,ecrc,round_robin,response_loss,8,4,4,4,12,12,4,8,0,15,3,3,2,1,0.004489,0.02465362499992807,2.481999999989057,5.0290678,6.0614938,1,11,0,12,0,0,HumanEval/146|HumanEval/162|HumanEval/56|HumanEval/72,HumanEval/146|HumanEval/162|HumanEval/56|HumanEval/72
r043,evaluation_06,ecrc,depth_first,response_loss,8,4,4,4,12,12,4,8,0,15,3,3,2,1,0.002849,0.025787782000037396,2.550000000104774,4.9883004,6.0162529,1,11,0,12,0,0,HumanEval/160|HumanEval/162|HumanEval/56|HumanEval/72,HumanEval/160|HumanEval/162|HumanEval/56|HumanEval/72
r044,evaluation_06,ordinary,depth_first,response_loss,8,4,4,4,12,12,4,8,0,15,3,3,2,1,0.001983,0.02565255100006425,2.4979999999923166,4.9648306,5.9908154,1,11,0,12,0,0,HumanEval/160|HumanEval/162|HumanEval/56|HumanEval/72,HumanEval/160|HumanEval/162|HumanEval/56|HumanEval/72
r045,evaluation_06,ecrc,round_robin,normal,8,6,6,6,16,16,6,10,0,16,0,0,0,0,0.003984,0.03269688699995754,3.3260000001173466,3.9886632,3.9927305,0,16,0,16,0,1,HumanEval/100|HumanEval/146|HumanEval/160|HumanEval/162|HumanEval/56|HumanEval/72,HumanEval/100|HumanEval/146|HumanEval/160|HumanEval/162|HumanEval/56|HumanEval/72
r046,evaluation_06,ordinary,round_robin,normal,8,6,6,6,16,16,6,10,0,16,0,0,0,0,0.009127999999999999,0.03360593899998321,3.283000000024913,3.9366617,3.9397343,0,16,0,16,0,1,HumanEval/100|HumanEval/146|HumanEval/160|HumanEval/162|HumanEval/56|HumanEval/72,HumanEval/100|HumanEval/146|HumanEval/160|HumanEval/162|HumanEval/56|HumanEval/72
r047,evaluation_06,ordinary,depth_first,normal,8,5,5,5,16,16,5,11,0,16,0,0,0,0,0.0032189999999999996,0.03296811900000307,3.2650000000430737,3.8904442,3.8933396,0,16,0,16,0,1,HumanEval/146|HumanEval/160|HumanEval/162|HumanEval/56|HumanEval/72,HumanEval/146|HumanEval/160|HumanEval/162|HumanEval/56|HumanEval/72
r048,evaluation_06,ecrc,depth_first,normal,8,5,5,5,16,16,5,11,0,16,0,0,0,0,0.0063999999999999994,0.03154805699995222,3.3109999997832347,3.9948761,3.9991229,0,16,0,16,0,1,HumanEval/146|HumanEval/160|HumanEval/162|HumanEval/56|HumanEval/72,HumanEval/146|HumanEval/160|HumanEval/162|HumanEval/56|HumanEval/72
r049,evaluation_07,ecrc,depth_first,normal,8,7,7,7,12,12,7,5,0,12,0,0,0,0,0.004222,0.02796290499998122,2.4540000000270084,2.9288874,2.9314586,0,12,0,12,0,0,HumanEval/0|HumanEval/4|HumanEval/45|HumanEval/46|HumanEval/60|HumanEval/74|HumanEval/87,HumanEval/0|HumanEval/4|HumanEval/45|HumanEval/46|HumanEval/60|HumanEval/74|HumanEval/87
r050,evaluation_07,ordinary,depth_first,normal,8,7,7,7,12,12,7,5,0,12,0,0,0,0,0.008174,0.028223642999961385,2.439999999915017,2.970967,2.9736369,0,12,0,12,0,0,HumanEval/0|HumanEval/4|HumanEval/45|HumanEval/46|HumanEval/60|HumanEval/74|HumanEval/87,HumanEval/0|HumanEval/4|HumanEval/45|HumanEval/46|HumanEval/60|HumanEval/74|HumanEval/87
r051,evaluation_07,ordinary,round_robin,normal,8,7,7,7,12,12,7,5,0,12,0,0,0,0,0.0070279999999999995,0.02790276799998992,2.5160000000323635,2.9837346,2.9861677,0,12,0,12,0,0,HumanEval/0|HumanEval/4|HumanEval/45|HumanEval/46|HumanEval/60|HumanEval/74|HumanEval/87,HumanEval/0|HumanEval/4|HumanEval/45|HumanEval/46|HumanEval/60|HumanEval/74|HumanEval/87
r052,evaluation_07,ecrc,round_robin,normal,8,7,7,7,12,12,7,5,0,12,0,0,0,0,0.007171,0.028559430999962387,2.4530000000086147,2.9655533,2.9690577,0,12,0,12,0,0,HumanEval/0|HumanEval/4|HumanEval/45|HumanEval/46|HumanEval/60|HumanEval/74|HumanEval/87,HumanEval/0|HumanEval/4|HumanEval/45|HumanEval/46|HumanEval/60|HumanEval/74|HumanEval/87
r053,evaluation_07,ordinary,depth_first,response_loss,8,6,7,7,12,12,7,5,0,15,3,3,2,1,0.0033799999999999993,0.02715108800003918,2.483999999880325,4.9901674,5.996949,1,11,0,12,0,0,HumanEval/0|HumanEval/4|HumanEval/46|HumanEval/60|HumanEval/74|HumanEval/87,HumanEval/0|HumanEval/4|HumanEval/45|HumanEval/46|HumanEval/60|HumanEval/74|HumanEval/87
r054,evaluation_07,ecrc,depth_first,response_loss,8,6,7,7,12,12,7,5,0,15,3,3,2,1,0.006075,0.02844158300001709,2.5320000001229346,4.9773172,6.0020063,1,11,0,12,0,0,HumanEval/0|HumanEval/4|HumanEval/46|HumanEval/60|HumanEval/74|HumanEval/87,HumanEval/0|HumanEval/4|HumanEval/45|HumanEval/46|HumanEval/60|HumanEval/74|HumanEval/87
r055,evaluation_07,ecrc,round_robin,response_loss,8,7,7,7,12,12,7,5,0,15,3,3,2,1,0.005163999999999999,0.027954461999996738,2.481000000028871,5.0053782,6.0130774,1,11,0,12,0,0,HumanEval/0|HumanEval/4|HumanEval/45|HumanEval/46|HumanEval/60|HumanEval/74|HumanEval/87,HumanEval/0|HumanEval/4|HumanEval/45|HumanEval/46|HumanEval/60|HumanEval/74|HumanEval/87
r056,evaluation_07,ordinary,round_robin,response_loss,8,7,7,7,12,12,7,5,0,15,3,3,2,1,0.0043679999999999995,0.026772026999992704,2.486999999906402,4.9284683,5.9346142,1,11,0,12,0,0,HumanEval/0|HumanEval/4|HumanEval/45|HumanEval/46|HumanEval/60|HumanEval/74|HumanEval/87,HumanEval/0|HumanEval/4|HumanEval/45|HumanEval/46|HumanEval/60|HumanEval/74|HumanEval/87
r057,evaluation_08,ordinary,round_robin,response_loss,8,5,5,5,12,12,5,7,0,15,3,3,2,1,0.004106,0.025963344999979654,2.517000000050757,4.998051,6.0224089,1,11,0,12,0,0,HumanEval/20|HumanEval/22|HumanEval/47|HumanEval/58|HumanEval/98,HumanEval/20|HumanEval/22|HumanEval/47|HumanEval/58|HumanEval/98
r058,evaluation_08,ecrc,round_robin,response_loss,8,5,5,5,12,12,5,7,0,15,3,3,2,1,0.007209,0.024960086000078263,2.4980000000505242,5.0399775,6.0623051,1,11,0,12,0,0,HumanEval/20|HumanEval/22|HumanEval/47|HumanEval/58|HumanEval/98,HumanEval/20|HumanEval/22|HumanEval/47|HumanEval/58|HumanEval/98
r059,evaluation_08,ecrc,depth_first,response_loss,8,3,3,3,12,12,3,9,0,15,3,3,2,1,0.008313,0.025420826999948076,2.4429999999993015,4.9611115,5.9683434,1,11,0,12,0,0,HumanEval/47|HumanEval/68|HumanEval/98,HumanEval/47|HumanEval/68|HumanEval/98
r060,evaluation_08,ordinary,depth_first,response_loss,8,3,3,3,12,12,3,9,0,15,3,3,2,1,0.002418,0.025236616000029244,2.422000000049593,4.9624467,5.9928581,1,11,0,12,0,0,HumanEval/47|HumanEval/68|HumanEval/98,HumanEval/47|HumanEval/68|HumanEval/98
r061,evaluation_08,ecrc,round_robin,normal,8,6,6,6,16,16,6,10,0,16,0,0,0,0,0.006203,0.0345150719999765,3.3940000000293367,3.9818846,3.9847009,0,16,0,16,0,1,HumanEval/20|HumanEval/22|HumanEval/47|HumanEval/58|HumanEval/68|HumanEval/98,HumanEval/20|HumanEval/22|HumanEval/47|HumanEval/58|HumanEval/68|HumanEval/98
r062,evaluation_08,ordinary,round_robin,normal,8,6,6,6,16,16,6,10,0,16,0,0,0,0,0.007647,0.034897164000028624,3.4400000001478475,3.9833939,3.9861874,0,16,0,16,0,1,HumanEval/20|HumanEval/22|HumanEval/47|HumanEval/58|HumanEval/68|HumanEval/98,HumanEval/20|HumanEval/22|HumanEval/47|HumanEval/58|HumanEval/68|HumanEval/98
r063,evaluation_08,ordinary,depth_first,normal,8,5,5,5,16,16,5,11,0,16,0,0,0,0,0.008733999999999999,0.03382980899999666,3.3339999999734573,3.9219102,3.9249715,0,16,0,16,0,1,HumanEval/20|HumanEval/22|HumanEval/47|HumanEval/68|HumanEval/98,HumanEval/20|HumanEval/22|HumanEval/47|HumanEval/68|HumanEval/98
r064,evaluation_08,ecrc,depth_first,normal,8,5,5,5,16,16,5,11,0,16,0,0,0,0,0.005948999999999999,0.03385747500004754,3.4200000000128057,4.0168755,4.0197072,0,16,0,16,0,1,HumanEval/20|HumanEval/22|HumanEval/47|HumanEval/68|HumanEval/98,HumanEval/20|HumanEval/22|HumanEval/47|HumanEval/68|HumanEval/98
r065,evaluation_09,ecrc,depth_first,normal,8,5,5,5,16,16,5,11,0,16,0,0,0,0,0.012690000000000002,0.03803689500006158,3.3859999998821877,3.9574345,3.9602856,0,16,0,16,0,1,HumanEval/121|HumanEval/142|HumanEval/155|HumanEval/35|HumanEval/37,HumanEval/121|HumanEval/142|HumanEval/155|HumanEval/35|HumanEval/37
r066,evaluation_09,ordinary,depth_first,normal,8,5,5,5,16,16,5,11,0,16,0,0,0,0,0.005899,0.037769557000046916,3.344000000040978,3.9510896,3.9550482,0,16,0,16,0,1,HumanEval/121|HumanEval/142|HumanEval/155|HumanEval/35|HumanEval/37,HumanEval/121|HumanEval/142|HumanEval/155|HumanEval/35|HumanEval/37
r067,evaluation_09,ordinary,round_robin,normal,8,6,6,6,16,16,6,10,0,16,0,0,0,0,0.007027,0.03648473599997715,3.3279999998921994,3.8501976,3.8531942,0,16,0,16,0,1,HumanEval/121|HumanEval/142|HumanEval/143|HumanEval/155|HumanEval/35|HumanEval/37,HumanEval/121|HumanEval/142|HumanEval/143|HumanEval/155|HumanEval/35|HumanEval/37
r068,evaluation_09,ecrc,round_robin,normal,8,6,6,6,16,16,6,10,0,16,0,0,0,0,0.00462,0.03632191199983481,3.323000000003958,3.9729035,3.9762672,0,16,0,16,0,1,HumanEval/121|HumanEval/142|HumanEval/143|HumanEval/155|HumanEval/35|HumanEval/37,HumanEval/121|HumanEval/142|HumanEval/143|HumanEval/155|HumanEval/35|HumanEval/37
r069,evaluation_09,ordinary,depth_first,response_loss,8,4,5,5,12,12,5,7,0,15,3,3,2,1,0.007184,0.029605349999997088,2.529999999969732,4.9324748,5.9562021,1,11,0,12,0,0,HumanEval/121|HumanEval/142|HumanEval/155|HumanEval/35,HumanEval/121|HumanEval/142|HumanEval/155|HumanEval/35|HumanEval/37
r070,evaluation_09,ecrc,depth_first,response_loss,8,4,4,5,12,12,5,7,0,15,3,3,2,1,0.01055,0.02858643100006475,2.4679999999934807,5.0065947,6.03553,1,11,0,12,0,0,HumanEval/121|HumanEval/142|HumanEval/155|HumanEval/35,HumanEval/121|HumanEval/142|HumanEval/155|HumanEval/35|HumanEval/37
r071,evaluation_09,ecrc,round_robin,response_loss,8,5,5,5,12,12,5,7,0,15,3,3,2,1,0.004862,0.02764220099987824,2.455000000045402,4.9574271,5.9880113,1,11,0,12,0,0,HumanEval/121|HumanEval/143|HumanEval/155|HumanEval/35|HumanEval/37,HumanEval/121|HumanEval/143|HumanEval/155|HumanEval/35|HumanEval/37
r072,evaluation_09,ordinary,round_robin,response_loss,8,5,5,5,12,12,5,7,0,15,3,3,2,1,0.004828,0.02740393899995297,2.48499999998603,4.9309901,5.9522903,1,11,0,12,0,0,HumanEval/121|HumanEval/143|HumanEval/155|HumanEval/35|HumanEval/37,HumanEval/121|HumanEval/143|HumanEval/155|HumanEval/35|HumanEval/37
r073,evaluation_10,ordinary,round_robin,response_loss,8,6,6,7,12,12,7,5,0,15,3,3,2,1,0.09745200000000001,0.15832378300007122,2.609000000025844,5.0858469,6.1045902,1,11,0,12,0,0,HumanEval/144|HumanEval/151|HumanEval/27|HumanEval/36|HumanEval/59|HumanEval/9,HumanEval/103|HumanEval/144|HumanEval/151|HumanEval/27|HumanEval/36|HumanEval/59|HumanEval/9
r074,evaluation_10,ecrc,round_robin,response_loss,8,6,6,7,12,12,7,5,0,15,3,3,2,1,0.071601,0.09642163300003403,2.5810000000346918,5.1156395,6.1420715,1,11,0,12,0,0,HumanEval/144|HumanEval/151|HumanEval/27|HumanEval/36|HumanEval/59|HumanEval/9,HumanEval/103|HumanEval/144|HumanEval/151|HumanEval/27|HumanEval/36|HumanEval/59|HumanEval/9
r075,evaluation_10,ecrc,depth_first,response_loss,8,7,7,7,12,12,7,5,0,15,3,3,2,1,0.073991,0.0967084569998633,2.5769999999611173,5.0682051,6.0883272,1,11,0,12,0,0,HumanEval/103|HumanEval/144|HumanEval/151|HumanEval/27|HumanEval/36|HumanEval/59|HumanEval/9,HumanEval/103|HumanEval/144|HumanEval/151|HumanEval/27|HumanEval/36|HumanEval/59|HumanEval/9
r076,evaluation_10,ordinary,depth_first,response_loss,8,7,7,7,12,12,7,5,0,15,3,3,2,1,0.0695,0.09589920600006963,2.513000000093598,5.0544186,6.0814662,1,11,0,12,0,0,HumanEval/103|HumanEval/144|HumanEval/151|HumanEval/27|HumanEval/36|HumanEval/59|HumanEval/9,HumanEval/103|HumanEval/144|HumanEval/151|HumanEval/27|HumanEval/36|HumanEval/59|HumanEval/9
r077,evaluation_10,ecrc,round_robin,normal,8,7,7,7,14,14,7,7,0,14,0,0,0,0,0.10754999999999999,0.13158422799989467,3.0000000001164153,3.550189,3.554054,0,14,0,14,0,0,HumanEval/103|HumanEval/144|HumanEval/151|HumanEval/27|HumanEval/36|HumanEval/59|HumanEval/9,HumanEval/103|HumanEval/144|HumanEval/151|HumanEval/27|HumanEval/36|HumanEval/59|HumanEval/9
r078,evaluation_10,ordinary,round_robin,normal,8,7,7,7,14,14,7,7,0,14,0,0,0,0,0.108116,0.13561856300015052,3.0340000000142027,3.5041428,3.5069781,0,14,0,14,0,0,HumanEval/103|HumanEval/144|HumanEval/151|HumanEval/27|HumanEval/36|HumanEval/59|HumanEval/9,HumanEval/103|HumanEval/144|HumanEval/151|HumanEval/27|HumanEval/36|HumanEval/59|HumanEval/9
r079,evaluation_10,ordinary,depth_first,normal,8,7,7,7,14,14,7,7,0,14,0,0,0,0,0.10866899999999999,0.13302464200006625,3.0160000000323635,3.4826806,3.4853363,0,14,0,14,0,0,HumanEval/103|HumanEval/144|HumanEval/151|HumanEval/27|HumanEval/36|HumanEval/59|HumanEval/9,HumanEval/103|HumanEval/144|HumanEval/151|HumanEval/27|HumanEval/36|HumanEval/59|HumanEval/9
r080,evaluation_10,ecrc,depth_first,normal,8,7,7,7,14,14,7,7,0,14,0,0,0,0,0.102475,0.13716192800018234,2.967999999964377,3.5330657,3.5358923,0,14,0,14,0,0,HumanEval/103|HumanEval/144|HumanEval/151|HumanEval/27|HumanEval/36|HumanEval/59|HumanEval/9,HumanEval/103|HumanEval/144|HumanEval/151|HumanEval/27|HumanEval/36|HumanEval/59|HumanEval/9
r081,evaluation_11,ecrc,depth_first,normal,8,8,8,8,10,10,8,2,0,10,0,0,0,0,0.0030219999999999995,0.021471187999907215,2.04699999987497,2.4800655,2.4825487,0,10,0,10,0,0,HumanEval/107|HumanEval/150|HumanEval/17|HumanEval/51|HumanEval/61|HumanEval/71|HumanEval/79|HumanEval/89,HumanEval/107|HumanEval/150|HumanEval/17|HumanEval/51|HumanEval/61|HumanEval/71|HumanEval/79|HumanEval/89
r082,evaluation_11,ordinary,depth_first,normal,8,8,8,8,10,10,8,2,0,10,0,0,0,0,0.006807999999999999,0.020717675000014424,2.0489999999990687,2.4526508,2.4548157,0,10,0,10,0,0,HumanEval/107|HumanEval/150|HumanEval/17|HumanEval/51|HumanEval/61|HumanEval/71|HumanEval/79|HumanEval/89,HumanEval/107|HumanEval/150|HumanEval/17|HumanEval/51|HumanEval/61|HumanEval/71|HumanEval/79|HumanEval/89
r083,evaluation_11,ordinary,round_robin,normal,8,8,8,8,10,10,8,2,0,10,0,0,0,0,0.003241,0.020898774000102094,2.030999999959022,2.4415396,2.443697,0,10,0,10,0,0,HumanEval/107|HumanEval/150|HumanEval/17|HumanEval/51|HumanEval/61|HumanEval/71|HumanEval/79|HumanEval/89,HumanEval/107|HumanEval/150|HumanEval/17|HumanEval/51|HumanEval/61|HumanEval/71|HumanEval/79|HumanEval/89
r084,evaluation_11,ecrc,round_robin,normal,8,8,8,8,10,10,8,2,0,10,0,0,0,0,0.006633999999999999,0.020859796999900482,2.0769999999029096,2.5054101,2.507714,0,10,0,10,0,0,HumanEval/107|HumanEval/150|HumanEval/17|HumanEval/51|HumanEval/61|HumanEval/71|HumanEval/79|HumanEval/89,HumanEval/107|HumanEval/150|HumanEval/17|HumanEval/51|HumanEval/61|HumanEval/71|HumanEval/79|HumanEval/89
r085,evaluation_11,ordinary,depth_first,response_loss,8,8,8,8,10,10,8,2,0,12,2,2,2,0,0.003931,0.02135533999995687,2.0780000000959262,4.4911262,4.4935792,0,10,0,10,0,0,HumanEval/107|HumanEval/150|HumanEval/17|HumanEval/51|HumanEval/61|HumanEval/71|HumanEval/79|HumanEval/89,HumanEval/107|HumanEval/150|HumanEval/17|HumanEval/51|HumanEval/61|HumanEval/71|HumanEval/79|HumanEval/89
r086,evaluation_11,ecrc,depth_first,response_loss,8,8,8,8,10,10,8,2,0,12,2,2,2,0,0.00451,0.02135466799995811,2.0459999999729916,4.5196419,4.5219124,0,10,0,10,0,0,HumanEval/107|HumanEval/150|HumanEval/17|HumanEval/51|HumanEval/61|HumanEval/71|HumanEval/79|HumanEval/89,HumanEval/107|HumanEval/150|HumanEval/17|HumanEval/51|HumanEval/61|HumanEval/71|HumanEval/79|HumanEval/89
r087,evaluation_11,ecrc,round_robin,response_loss,8,8,8,8,10,10,8,2,0,12,2,2,2,0,0.002257,0.020262875000014446,2.0939999999827705,4.500714,4.5033437,0,10,0,10,0,0,HumanEval/107|HumanEval/150|HumanEval/17|HumanEval/51|HumanEval/61|HumanEval/71|HumanEval/79|HumanEval/89,HumanEval/107|HumanEval/150|HumanEval/17|HumanEval/51|HumanEval/61|HumanEval/71|HumanEval/79|HumanEval/89
r088,evaluation_11,ordinary,round_robin,response_loss,8,8,8,8,10,10,8,2,0,12,2,2,2,0,0.006876999999999999,0.02147079500008431,2.0310000000172295,4.4163742,4.4190128,0,10,0,10,0,0,HumanEval/107|HumanEval/150|HumanEval/17|HumanEval/51|HumanEval/61|HumanEval/71|HumanEval/79|HumanEval/89,HumanEval/107|HumanEval/150|HumanEval/17|HumanEval/51|HumanEval/61|HumanEval/71|HumanEval/79|HumanEval/89
r089,evaluation_12,ordinary,round_robin,response_loss,8,5,5,5,12,12,5,7,0,15,3,3,2,1,0.006443,0.02839784899992992,2.467000000033295,4.9231083,5.9479569,1,11,0,12,0,0,HumanEval/124|HumanEval/154|HumanEval/44|HumanEval/5|HumanEval/6,HumanEval/124|HumanEval/154|HumanEval/44|HumanEval/5|HumanEval/6
r090,evaluation_12,ecrc,round_robin,response_loss,8,5,5,5,12,12,5,7,0,15,3,3,2,1,0.0057929999999999995,0.02780843499999719,2.468000000109896,4.9733279,6.0046254,1,11,0,12,0,0,HumanEval/124|HumanEval/154|HumanEval/44|HumanEval/5|HumanEval/6,HumanEval/124|HumanEval/154|HumanEval/44|HumanEval/5|HumanEval/6
r091,evaluation_12,ecrc,depth_first,response_loss,8,4,4,4,12,12,4,8,0,15,3,3,2,1,0.007715,0.028282626999839522,2.4869999999937136,4.9960266,6.0203218,1,11,0,12,0,0,HumanEval/124|HumanEval/44|HumanEval/5|HumanEval/6,HumanEval/124|HumanEval/44|HumanEval/5|HumanEval/6
r092,evaluation_12,ordinary,depth_first,response_loss,8,4,4,4,12,12,4,8,0,15,3,3,2,1,0.004876,0.029446372999927917,2.4969999998866115,4.9557671,5.9797007,1,11,0,12,0,0,HumanEval/124|HumanEval/44|HumanEval/5|HumanEval/6,HumanEval/124|HumanEval/44|HumanEval/5|HumanEval/6
r093,evaluation_12,ecrc,round_robin,normal,8,5,5,5,16,16,5,11,0,16,0,0,0,0,0.008553999999999999,0.034936023000000205,3.3130000000819564,3.9446105,3.9484503,0,16,0,16,0,1,HumanEval/124|HumanEval/154|HumanEval/44|HumanEval/5|HumanEval/6,HumanEval/124|HumanEval/154|HumanEval/44|HumanEval/5|HumanEval/6
r094,evaluation_12,ordinary,round_robin,normal,8,5,5,5,16,16,5,11,0,16,0,0,0,0,0.008853,0.03502872099994647,3.312999999994645,3.8476399,3.8520594,0,16,0,16,0,1,HumanEval/124|HumanEval/154|HumanEval/44|HumanEval/5|HumanEval/6,HumanEval/124|HumanEval/154|HumanEval/44|HumanEval/5|HumanEval/6
r095,evaluation_12,ordinary,depth_first,normal,8,5,5,5,16,16,5,11,0,16,0,0,0,0,0.005058000000000001,0.036732596000035755,3.3269999999320135,3.8654817,3.8697215,0,16,0,16,0,1,HumanEval/124|HumanEval/154|HumanEval/44|HumanEval/5|HumanEval/6,HumanEval/124|HumanEval/154|HumanEval/44|HumanEval/5|HumanEval/6
r096,evaluation_12,ecrc,depth_first,normal,8,5,5,5,16,16,5,11,0,16,0,0,0,0,0.008121,0.03497633000006317,3.277000000089174,3.9626681,3.9656676,0,16,0,16,0,1,HumanEval/124|HumanEval/154|HumanEval/44|HumanEval/5|HumanEval/6,HumanEval/124|HumanEval/154|HumanEval/44|HumanEval/5|HumanEval/6
r097,evaluation_13,ecrc,depth_first,normal,8,1,1,1,10,10,1,8,1,10,0,0,0,0,3.003206,3.0185737280000353,5.044999999983702,5.441151,5.4443022,0,10,0,10,0,0,HumanEval/12,HumanEval/12
r098,evaluation_13,ordinary,depth_first,normal,8,1,1,1,10,10,1,8,1,10,0,0,0,0,3.000486,3.0195203199999696,5.046000000031199,5.3280486,5.3302359,0,10,0,10,0,0,HumanEval/12,HumanEval/12
r099,evaluation_13,ordinary,round_robin,normal,8,4,4,4,9,9,4,4,1,9,0,0,0,0,3.0016399999999996,3.0167377680000413,4.847000000037951,5.1973427,5.2002725,0,9,0,9,0,0,HumanEval/105|HumanEval/117|HumanEval/12|HumanEval/158,HumanEval/105|HumanEval/117|HumanEval/12|HumanEval/158
r100,evaluation_13,ecrc,round_robin,normal,8,4,4,4,9,9,4,4,1,9,0,0,0,0,2.999518,3.017502714999864,4.890999999974156,5.1823347,5.1846431,0,9,0,9,0,0,HumanEval/105|HumanEval/117|HumanEval/12|HumanEval/158,HumanEval/105|HumanEval/117|HumanEval/12|HumanEval/158
r101,evaluation_13,ordinary,depth_first,response_loss,8,1,1,1,10,10,1,8,1,12,2,2,2,0,2.999385,3.0197300579998796,5.064000000042142,7.4570197,7.4595563,0,10,0,10,0,0,HumanEval/12,HumanEval/12
r102,evaluation_13,ecrc,depth_first,response_loss,8,1,1,1,10,10,1,8,1,12,2,2,2,0,3.001129,3.0192917699999953,5.077999999950407,7.4917091,7.4949402,0,10,0,10,0,0,HumanEval/12,HumanEval/12
r103,evaluation_13,ecrc,round_robin,response_loss,8,1,1,1,4,4,1,2,1,5,1,1,1,0,2.9993909999999997,3.007119844999977,3.812000000034459,5.0134764,5.015928,0,4,0,4,0,0,HumanEval/12,HumanEval/12
r104,evaluation_13,ordinary,round_robin,response_loss,8,1,1,1,4,4,1,2,1,5,1,1,1,0,2.9982640000000003,3.006732417999956,3.8760000000474975,5.002816,5.0045324,0,4,0,4,0,0,HumanEval/12,HumanEval/12
r105,evaluation_14,ordinary,round_robin,response_loss,8,6,6,6,12,12,6,6,0,15,3,3,2,1,0.008710999999999998,0.02685929300008638,2.435999999870546,4.9944261,6.0234054,1,11,0,12,0,0,HumanEval/138|HumanEval/156|HumanEval/29|HumanEval/3|HumanEval/30|HumanEval/43,HumanEval/138|HumanEval/156|HumanEval/29|HumanEval/3|HumanEval/30|HumanEval/43
r106,evaluation_14,ecrc,round_robin,response_loss,8,6,6,6,12,12,6,6,0,15,3,3,2,1,0.003456,0.02708132800023577,2.469000000099186,4.9930294,6.023963,1,11,0,12,0,0,HumanEval/138|HumanEval/156|HumanEval/29|HumanEval/3|HumanEval/30|HumanEval/43,HumanEval/138|HumanEval/156|HumanEval/29|HumanEval/3|HumanEval/30|HumanEval/43
r107,evaluation_14,ecrc,depth_first,response_loss,8,4,4,4,12,12,4,8,0,15,3,3,2,1,0.007994999999999999,0.029254831000002923,2.4520000000484288,4.9727966,5.9975103,1,11,0,12,0,0,HumanEval/156|HumanEval/29|HumanEval/30|HumanEval/43,HumanEval/156|HumanEval/29|HumanEval/30|HumanEval/43
r108,evaluation_14,ordinary,depth_first,response_loss,8,4,4,4,12,12,4,8,0,15,3,3,2,1,0.0061519999999999995,0.02970406000008552,2.467999999964377,4.9134265,5.9322029,1,11,0,12,0,0,HumanEval/156|HumanEval/29|HumanEval/30|HumanEval/43,HumanEval/156|HumanEval/29|HumanEval/30|HumanEval/43
r109,evaluation_14,ecrc,round_robin,normal,8,6,6,6,15,15,6,9,0,15,0,0,0,0,0.007423999999999998,0.03549850800004606,3.1360000000568107,3.723574,3.7264443,0,15,0,15,0,0,HumanEval/138|HumanEval/156|HumanEval/29|HumanEval/3|HumanEval/30|HumanEval/43,HumanEval/138|HumanEval/156|HumanEval/29|HumanEval/3|HumanEval/30|HumanEval/43
r110,evaluation_14,ordinary,round_robin,normal,8,6,6,6,15,15,6,9,0,15,0,0,0,0,0.008265999999999999,0.03491134200032775,3.062000000034459,3.6587875,3.6626498,0,15,0,15,0,0,HumanEval/138|HumanEval/156|HumanEval/29|HumanEval/3|HumanEval/30|HumanEval/43,HumanEval/138|HumanEval/156|HumanEval/29|HumanEval/3|HumanEval/30|HumanEval/43
r111,evaluation_14,ordinary,depth_first,normal,8,6,6,6,15,15,6,9,0,15,0,0,0,0,0.011128,0.03496449199985818,3.1729999997769482,3.688006,3.6908678,0,15,0,15,0,0,HumanEval/138|HumanEval/156|HumanEval/29|HumanEval/3|HumanEval/30|HumanEval/43,HumanEval/138|HumanEval/156|HumanEval/29|HumanEval/3|HumanEval/30|HumanEval/43
r112,evaluation_14,ecrc,depth_first,normal,8,6,6,6,15,15,6,9,0,15,0,0,0,0,0.000873,0.03417581400026393,3.0930000000807922,3.6881033,3.6915093,0,15,0,15,0,0,HumanEval/138|HumanEval/156|HumanEval/29|HumanEval/3|HumanEval/30|HumanEval/43,HumanEval/138|HumanEval/156|HumanEval/29|HumanEval/3|HumanEval/30|HumanEval/43
r113,evaluation_15,ecrc,depth_first,normal,8,7,7,7,12,12,7,5,0,12,0,0,0,0,1.5038410000000002,1.525587584999812,3.936000000103377,4.5077626,4.5110471,0,12,0,12,0,0,HumanEval/139|HumanEval/152|HumanEval/2|HumanEval/66|HumanEval/7|HumanEval/88|HumanEval/90,HumanEval/139|HumanEval/152|HumanEval/2|HumanEval/66|HumanEval/7|HumanEval/88|HumanEval/90
r114,evaluation_15,ordinary,depth_first,normal,8,7,7,7,12,12,7,5,0,12,0,0,0,0,1.5079170000000002,1.527781495000113,4.04900000008638,4.4116157,4.4142852,0,12,0,12,0,0,HumanEval/139|HumanEval/152|HumanEval/2|HumanEval/66|HumanEval/7|HumanEval/88|HumanEval/90,HumanEval/139|HumanEval/152|HumanEval/2|HumanEval/66|HumanEval/7|HumanEval/88|HumanEval/90
r115,evaluation_15,ordinary,round_robin,normal,8,7,7,7,12,12,7,5,0,12,0,0,0,0,1.5466510000000002,1.5672660979996635,4.079000000027008,4.504358,4.5067578,0,12,0,12,0,0,HumanEval/139|HumanEval/152|HumanEval/2|HumanEval/66|HumanEval/7|HumanEval/88|HumanEval/90,HumanEval/139|HumanEval/152|HumanEval/2|HumanEval/66|HumanEval/7|HumanEval/88|HumanEval/90
r116,evaluation_15,ecrc,round_robin,normal,8,7,7,7,12,12,7,5,0,12,0,0,0,0,1.5005600000000001,1.5231107420000853,3.9609999999811407,4.4615905,4.4641338,0,12,0,12,0,0,HumanEval/139|HumanEval/152|HumanEval/2|HumanEval/66|HumanEval/7|HumanEval/88|HumanEval/90,HumanEval/139|HumanEval/152|HumanEval/2|HumanEval/66|HumanEval/7|HumanEval/88|HumanEval/90
r117,evaluation_15,ordinary,depth_first,response_loss,8,4,4,4,8,8,4,4,0,10,2,2,1,1,1.485212,1.4964760619999424,3.175000000046566,4.4250194,5.4497405,1,7,0,8,0,0,HumanEval/152|HumanEval/2|HumanEval/66|HumanEval/7,HumanEval/152|HumanEval/2|HumanEval/66|HumanEval/7
r118,evaluation_15,ecrc,depth_first,response_loss,8,4,4,4,8,8,4,4,0,10,2,2,1,1,1.5103000000000002,1.5271968369999058,3.23499999998603,4.5407145,5.5645868,1,7,0,8,0,0,HumanEval/152|HumanEval/2|HumanEval/66|HumanEval/7,HumanEval/152|HumanEval/2|HumanEval/66|HumanEval/7
r119,evaluation_15,ecrc,round_robin,response_loss,8,6,6,6,9,9,6,3,0,11,2,2,2,0,1.490254,1.5075934899998629,3.3769999998621643,5.7337824,5.7363026,0,9,0,9,0,0,HumanEval/139|HumanEval/152|HumanEval/2|HumanEval/66|HumanEval/7|HumanEval/90,HumanEval/139|HumanEval/152|HumanEval/2|HumanEval/66|HumanEval/7|HumanEval/90
r120,evaluation_15,ordinary,round_robin,response_loss,8,6,6,6,9,9,6,3,0,11,2,2,2,0,1.4830789999999998,1.4990083870001172,3.345000000030268,5.7046363,5.7067954,0,9,0,9,0,0,HumanEval/139|HumanEval/152|HumanEval/2|HumanEval/66|HumanEval/7|HumanEval/90,HumanEval/139|HumanEval/152|HumanEval/2|HumanEval/66|HumanEval/7|HumanEval/90
r121,evaluation_16,ordinary,round_robin,response_loss,8,3,4,4,12,12,4,8,0,15,3,3,2,1,0.006964,0.026241110000000845,2.482999999949243,4.9752735,6.0013845,1,11,0,12,0,0,HumanEval/57|HumanEval/81|HumanEval/95,HumanEval/39|HumanEval/57|HumanEval/81|HumanEval/95
r122,evaluation_16,ecrc,round_robin,response_loss,8,3,4,4,12,12,4,8,0,15,3,3,2,1,0.008332999999999998,0.025266385999884733,2.437000000005355,4.9495871,5.9568228,1,11,0,12,0,0,HumanEval/57|HumanEval/81|HumanEval/95,HumanEval/39|HumanEval/57|HumanEval/81|HumanEval/95
r123,evaluation_16,ecrc,depth_first,response_loss,8,2,2,2,12,12,2,10,0,15,3,3,2,1,0.004146,0.024778054000080374,2.4580000000132713,4.9741773,5.999879,1,11,0,12,0,0,HumanEval/57|HumanEval/80,HumanEval/57|HumanEval/80
r124,evaluation_16,ordinary,depth_first,response_loss,8,2,2,2,12,12,2,10,0,15,3,3,2,1,0.006515,0.02584197300006963,2.436000000045169,4.9650364,5.9723319,1,11,0,12,0,0,HumanEval/57|HumanEval/80,HumanEval/57|HumanEval/80
r125,evaluation_16,ecrc,round_robin,normal,8,5,5,5,16,16,5,11,0,16,0,0,0,0,0.007424,0.03520915999990848,3.2989999998535495,3.8926834,3.8966669,0,16,0,16,0,1,HumanEval/39|HumanEval/57|HumanEval/80|HumanEval/81|HumanEval/95,HumanEval/39|HumanEval/57|HumanEval/80|HumanEval/81|HumanEval/95
r126,evaluation_16,ordinary,round_robin,normal,8,5,5,5,16,16,5,11,0,16,0,0,0,0,0.009186,0.03538898000022073,3.296000000089407,3.9459919,3.9489296,0,16,0,16,0,1,HumanEval/39|HumanEval/57|HumanEval/80|HumanEval/81|HumanEval/95,HumanEval/39|HumanEval/57|HumanEval/80|HumanEval/81|HumanEval/95
r127,evaluation_16,ordinary,depth_first,normal,8,5,5,5,16,16,5,11,0,16,0,0,0,0,0.005288,0.033775949999835575,3.3280000000959262,4.1090735,4.111761,0,16,0,16,0,1,HumanEval/39|HumanEval/57|HumanEval/80|HumanEval/81|HumanEval/95,HumanEval/39|HumanEval/57|HumanEval/80|HumanEval/81|HumanEval/95
r128,evaluation_16,ecrc,depth_first,normal,8,5,5,5,16,16,5,11,0,16,0,0,0,0,0.007711,0.03403867000031369,3.4530000000086147,4.2382339,4.2412182,0,16,0,16,0,1,HumanEval/39|HumanEval/57|HumanEval/80|HumanEval/81|HumanEval/95,HumanEval/39|HumanEval/57|HumanEval/80|HumanEval/81|HumanEval/95
r129,evaluation_17,ecrc,depth_first,normal,8,4,4,4,16,16,4,12,0,16,0,0,0,0,0.0036499999999999996,0.03330238400030794,3.426999999966938,4.0004257,4.0037363,0,16,0,16,0,1,HumanEval/114|HumanEval/115|HumanEval/28|HumanEval/75,HumanEval/114|HumanEval/115|HumanEval/28|HumanEval/75
r130,evaluation_17,ordinary,depth_first,normal,8,4,4,4,16,16,4,12,0,16,0,0,0,0,0.007553,0.0338565889999245,3.312000000005355,3.8507954,3.8536092,0,16,0,16,0,1,HumanEval/114|HumanEval/115|HumanEval/28|HumanEval/75,HumanEval/114|HumanEval/115|HumanEval/28|HumanEval/75
r131,evaluation_17,ordinary,round_robin,normal,8,3,3,3,16,16,3,13,0,16,0,0,0,0,0.004312999999999999,0.03373483299992586,3.297000000049593,3.8015939,3.804622,0,16,0,16,0,1,HumanEval/114|HumanEval/116|HumanEval/28,HumanEval/114|HumanEval/116|HumanEval/28
r132,evaluation_17,ecrc,round_robin,normal,8,3,3,3,16,16,3,13,0,16,0,0,0,0,0.005466999999999999,0.03377005799984545,3.249000000039814,3.901966,3.9054132,0,16,0,16,0,1,HumanEval/114|HumanEval/116|HumanEval/28,HumanEval/114|HumanEval/116|HumanEval/28
r133,evaluation_17,ordinary,depth_first,response_loss,8,1,2,2,12,12,2,10,0,15,3,3,2,1,0.005279,0.026334234999580985,2.529999999940628,4.9380144,5.9690325,1,11,0,12,0,0,HumanEval/115,HumanEval/115|HumanEval/75
r134,evaluation_17,ecrc,depth_first,response_loss,8,1,2,2,12,12,2,10,0,15,3,3,2,1,0.0038769999999999994,0.02452138799981185,2.4840000001131557,4.9815811,6.0191327,1,11,0,12,0,0,HumanEval/115,HumanEval/115|HumanEval/75
r135,evaluation_17,ecrc,round_robin,response_loss,8,3,3,3,12,12,3,9,0,15,3,3,2,1,0.0033289999999999995,0.02525789500020892,2.5199999999895226,4.9882957,6.0119372,1,11,0,12,0,0,HumanEval/114|HumanEval/116|HumanEval/28,HumanEval/114|HumanEval/116|HumanEval/28
r136,evaluation_17,ordinary,round_robin,response_loss,8,3,3,3,12,12,3,9,0,15,3,3,2,1,0.001862,0.02447194400031094,2.452999999950407,4.8848593,5.8908959,1,11,0,12,0,0,HumanEval/114|HumanEval/116|HumanEval/28,HumanEval/114|HumanEval/116|HumanEval/28
r137,evaluation_18,ordinary,round_robin,response_loss,8,7,7,7,11,11,7,4,0,13,2,2,2,0,0.004442000000000001,0.023055982000187214,2.26400000002468,4.7021817,4.7049425,0,11,0,11,0,0,HumanEval/11|HumanEval/123|HumanEval/148|HumanEval/149|HumanEval/157|HumanEval/26|HumanEval/52,HumanEval/11|HumanEval/123|HumanEval/148|HumanEval/149|HumanEval/157|HumanEval/26|HumanEval/52
r138,evaluation_18,ecrc,round_robin,response_loss,8,7,7,7,11,11,7,4,0,13,2,2,2,0,0.003365,0.02222535500027334,2.296000000089407,4.7503461,4.7527778,0,11,0,11,0,0,HumanEval/11|HumanEval/123|HumanEval/148|HumanEval/149|HumanEval/157|HumanEval/26|HumanEval/52,HumanEval/11|HumanEval/123|HumanEval/148|HumanEval/149|HumanEval/157|HumanEval/26|HumanEval/52
r139,evaluation_18,ecrc,depth_first,response_loss,8,7,7,7,11,11,7,4,0,13,2,2,2,0,0.005039999999999999,0.022635294999872713,2.2660000000032596,4.714509,4.7169608,0,11,0,11,0,0,HumanEval/11|HumanEval/123|HumanEval/148|HumanEval/149|HumanEval/157|HumanEval/26|HumanEval/52,HumanEval/11|HumanEval/123|HumanEval/148|HumanEval/149|HumanEval/157|HumanEval/26|HumanEval/52
r140,evaluation_18,ordinary,depth_first,response_loss,8,7,7,7,11,11,7,4,0,13,2,2,2,0,0.006188,0.022251586000038515,2.263999999995576,4.6797987,4.6822606,0,11,0,11,0,0,HumanEval/11|HumanEval/123|HumanEval/148|HumanEval/149|HumanEval/157|HumanEval/26|HumanEval/52,HumanEval/11|HumanEval/123|HumanEval/148|HumanEval/149|HumanEval/157|HumanEval/26|HumanEval/52
r141,evaluation_18,ecrc,round_robin,normal,8,7,7,7,11,11,7,4,0,11,0,0,0,0,0.00293,0.022222069000122247,2.2480000000214204,2.7271311,2.7298609,0,11,0,11,0,0,HumanEval/11|HumanEval/123|HumanEval/148|HumanEval/149|HumanEval/157|HumanEval/26|HumanEval/52,HumanEval/11|HumanEval/123|HumanEval/148|HumanEval/149|HumanEval/157|HumanEval/26|HumanEval/52
r142,evaluation_18,ordinary,round_robin,normal,8,7,7,7,11,11,7,4,0,11,0,0,0,0,0.004379,0.022056634000023223,2.2349999999569263,2.6796993,2.6832558,0,11,0,11,0,0,HumanEval/11|HumanEval/123|HumanEval/148|HumanEval/149|HumanEval/157|HumanEval/26|HumanEval/52,HumanEval/11|HumanEval/123|HumanEval/148|HumanEval/149|HumanEval/157|HumanEval/26|HumanEval/52
r143,evaluation_18,ordinary,depth_first,normal,8,7,7,7,11,11,7,4,0,11,0,0,0,0,0.002372,0.022280620999936218,2.27100000003702,2.7397707,2.7421357,0,11,0,11,0,0,HumanEval/11|HumanEval/123|HumanEval/148|HumanEval/149|HumanEval/157|HumanEval/26|HumanEval/52,HumanEval/11|HumanEval/123|HumanEval/148|HumanEval/149|HumanEval/157|HumanEval/26|HumanEval/52
r144,evaluation_18,ecrc,depth_first,normal,8,7,7,7,11,11,7,4,0,11,0,0,0,0,0.0036560000000000004,0.02244306900013271,2.294999999954598,2.7574563,2.7598707,0,11,0,11,0,0,HumanEval/11|HumanEval/123|HumanEval/148|HumanEval/149|HumanEval/157|HumanEval/26|HumanEval/52,HumanEval/11|HumanEval/123|HumanEval/148|HumanEval/149|HumanEval/157|HumanEval/26|HumanEval/52
